-- phpMyAdmin SQL Dump
-- version 4.8.3
-- https://www.phpmyadmin.net/
--
-- Servidor: 127.0.0.1:3306
-- Tiempo de generación: 26-06-2019 a las 04:04:07
-- Versión del servidor: 5.7.23
-- Versión de PHP: 7.2.10

SET SQL_MODE = "NO_AUTO_VALUE_ON_ZERO";
SET AUTOCOMMIT = 0;
START TRANSACTION;
SET time_zone = "+00:00";


/*!40101 SET @OLD_CHARACTER_SET_CLIENT=@@CHARACTER_SET_CLIENT */;
/*!40101 SET @OLD_CHARACTER_SET_RESULTS=@@CHARACTER_SET_RESULTS */;
/*!40101 SET @OLD_COLLATION_CONNECTION=@@COLLATION_CONNECTION */;
/*!40101 SET NAMES utf8mb4 */;

--
-- Base de datos: `eing`
--

-- --------------------------------------------------------

--
-- Estructura de tabla para la tabla `carrera`
--

DROP TABLE IF EXISTS `carrera`;
CREATE TABLE IF NOT EXISTS `carrera` (
  `id` int(11) NOT NULL AUTO_INCREMENT,
  `nombre` varchar(80) DEFAULT NULL,
  `presentacion` blob,
  `perfil` blob,
  `plan_pdf` varchar(50) DEFAULT NULL,
  `imagen` varchar(100) DEFAULT NULL,
  `activo` tinyint(1) NOT NULL DEFAULT '0',
  PRIMARY KEY (`id`)
) ENGINE=InnoDB AUTO_INCREMENT=7 DEFAULT CHARSET=utf8 ROW_FORMAT=COMPRESSED;

--
-- Volcado de datos para la tabla `carrera`
--

INSERT INTO `carrera` (`id`, `nombre`, `presentacion`, `perfil`, `plan_pdf`, `imagen`, `activo`) VALUES
(1, 'Licenciatura en Sistemas', 0x3c703e4c612063617272657261206465204c6963656e6369617475726120656e2053697374656d6173207469656e6520636f6d6f2066696e20666f726d61722070726f666573696f6e616c657320636f6e20756e2070657266696c2071756520726573706f6e64612061206c61732065786967656e636961732064656c206d65726361646f2079206465206c617320656d7072657361732c207175652c20636f6e74696e75616d656e74652c2061637475616c697a616e20737573207265637572736f73207465636e6f6c266f61637574653b6769636f7320792070726f6365736f732064652061646d696e69737472616369266f61637574653b6e2079206765737469266f61637574653b6e20696e666f726d266161637574653b746963612e20506f722074616c206d6f7469766f20656c20706c616e206675652064697365266e74696c64653b61646f2070617261206272696e64617220756e612073266f61637574653b6c69646120666f726d616369266f61637574653b6e2062266161637574653b7369636120656e20266161637574653b72656173206573706563266961637574653b666963617320636f6d6f206765737469266f61637574653b6e206520696e67656e696572266961637574653b6120646520736f6674776172652c2070726f6772616d616369266f61637574653b6e2c2064697365266e74696c64653b6f207920616e266161637574653b6c697369732064652073697374656d61732c207265646573207920617369676e61747572617320717565207065726d6974656e206c6120616471756973696369266f61637574653b6e20646520756e6120666f726d616369266f61637574653b6e20636f6e74696e75616d656e74652061637475616c697a6164612071756520666163696c697461206c6120696e7365726369266f61637574653b6e206c61626f72616c20656e20666f726d6120696e6d6564696174612e204c6120707265706172616369266f61637574653b6e20696e74656772616c20726563696269646120656e206d617465726961732074266561637574653b636e6963617320792068756d616e266961637574653b737469636173206c6f20686162696c697461207061726120726573706f6e6465722061206c61732064656d616e64617320646520756e6120736f6369656461642071756520657869676520646520756e2070726f666573696f6e616c20636f6e20756e206d61726361646f20636f6d70726f6d69736f20636f6e206c612070726573657276616369266f61637574653b6e2064656c206d6564696f20616d6269656e74652c20656c206d656a6f72616d69656e746f206465206c612063616c69646164206465207669646120656e2067656e6572616c207920756e61206772616e20726573706f6e736162696c6964616420736f6369616c20656e20656c2071756568616365722070726f666573696f6e616c2e3c2f703e0d0a, 0x3c703e536520617370697261206120666f726d61722070726f666573696f6e616c657320636f6e207369676e69666963617469766f732066756e64616d656e746f73207465266f61637574653b7269636f7320646520496e666f726d266161637574653b74696361207920636f6e6f63696d69656e746f2061637475616c697a61646f206465206c6173207465636e6f6c6f67266961637574653b61732c206465206d6f646f206465206f7269656e746172736520657370656369616c6d656e746520616c206d65726361646f2070726f666573696f6e616c2076696e63756c61646f20636f6e206c6f732053697374656d617320496e666f726d266161637574653b7469636f732c20656e20706172746963756c6172206c6f73206173706563746f732070726f70696f732064656c206d616e656a6f20646520736f6674776172652079206461746f732064656e74726f20646520756e61206f7267616e697a616369266f61637574653b6e2e20456c20677261647561646f206573746172266161637574653b20656e20636f6e646963696f6e6573206465207061727469636970617220656e20616374697669646164657320646520496e766573746967616369266f61637574653b6e2c204465736172726f6c6c6f2079205472616e73666572656e6369612064656e74726f206465206c61206469736369706c696e612e204173696d69736d6f206c6f7320656772657361646f7320646520554e6465432c206573746172266161637574653b6e20656e20636f6e646963696f6e65732064653a3c2f703e0d0a0d0a3c6f6c3e0d0a093c6c693e506c616e6966696361722c20646972696769722c207265616c697a617220792f6f206576616c7561722070726f796563746f732064652072656c6576616d69656e746f2064652070726f626c656d61732064656c206d756e646f207265616c2c20657370656369666963616369266f61637574653b6e20666f726d616c206465206c6f73206d69736d6f732c2064697365266e74696c64653b6f2c20696d706c656d656e74616369266f61637574653b6e2c207072756562612c2076657269666963616369266f61637574653b6e2c2076616c6964616369266f61637574653b6e2c206d616e74656e696d69656e746f207920636f6e74726f6c2064652063616c696461642064652073697374656d617320646520736f6674776172652071756520736520656a65637574656e20736f6272652073697374656d61732064652070726f636573616d69656e746f206465206461746f732e3c2f6c693e0d0a093c6c693e4f7267616e697a61722c2064697269676972207920636f6e74726f6c6172206c617320266161637574653b7265617320696e666f726d266161637574653b7469636173206465206c6173206f7267616e697a6163696f6e65732c2073656c656363696f6e616e646f20792063617061636974616e646f20616c20706572736f6e616c2074266561637574653b636e69636f206465206c6f73206d69736d6f732e3c2f6c693e0d0a093c6c693e4469726967697220656c2072656c6576616d69656e746f207920616e266161637574653b6c69736973206465206c6f732070726f6365736f732066756e63696f6e616c657320646520756e61204f7267616e697a616369266f61637574653b6e2c20636f6e206c612066696e616c6964616420646520646972696769722070726f796563746f732064652064697365266e74696c64653b6f2064652053697374656d617320646520496e666f726d616369266f61637574653b6e2061736f636961646f732c206173266961637574653b20636f6d6f206c6f732053697374656d617320646520536f6674776172652071756520686167616e20612073752066756e63696f6e616d69656e746f2e2044657465726d696e61722c20726567756c617220792061646d696e697374726172206c617320706175746173206f7065726174697661732079207265676c617320646520636f6e74726f6c2071756520686163656e20616c2066756e63696f6e616d69656e746f206465206c617320266161637574653b7265617320696e666f726d266161637574653b7469636173206465206c617320656d7072657361732079206f7267616e697a6163696f6e65732e3c2f6c693e0d0a093c6c693e456e74656e6465722c20706c616e69666963617220792f6f2070617274696369706172206465206c6f73206573747564696f732074266561637574653b636e69636f732d65636f6e266f61637574653b6d69636f7320646520666163746962696c6964616420792f6f207265666572656e7465732061206c6120636f6e6669677572616369266f61637574653b6e20792064696d656e73696f6e616d69656e746f2064652073697374656d61732064652070726f636573616d69656e746f20646520696e666f726d616369266f61637574653b6e2e2053757065727669736172206c6120696d706c616e74616369266f61637574653b6e206465206c6f732073697374656d617320646520696e666f726d616369266f61637574653b6e2079206f7267616e697a617220792063617061636974617220616c20706572736f6e616c20616665637461646f20706f7220646963686f732073697374656d61732e3c2f6c693e0d0a093c6c693e45737461626c65636572206d266561637574653b7472696361732079206e6f726d61732064652063616c6964616420792073656775726964616420646520736f6674776172652c20636f6e74726f6c616e646f206c6173206d69736d617320612066696e2064652074656e657220756e2070726f647563746f20696e647573747269616c207175652072657370657465206c6173206e6f726d6173206e6163696f6e616c6573206520696e7465726e6163696f6e616c65732e3c2f6c693e0d0a093c6c693e436f6e74726f6c206465206c6120657370656369666963616369266f61637574653b6e20666f726d616c2064656c2070726f647563746f2c2064656c2070726f6365736f2064652064697365266e74696c64653b6f2c206465736172726f6c6c6f2c20696d706c656d656e74616369266f61637574653b6e2079206d616e74656e696d69656e746f2e2045737461626c6563696d69656e746f206465206d266561637574653b7472696361732064652076616c6964616369266f61637574653b6e2079206365727469666963616369266f61637574653b6e2064652063616c696461642e3c2f6c693e0d0a093c6c693e506c616e6966696361722c20646972696769722c207265616c697a617220792f6f206576616c756172206c6f732073697374656d61732064652073656775726964616420656e20656c20616c6d6163656e616d69656e746f20792070726f636573616d69656e746f206465206c6120696e666f726d616369266f61637574653b6e2e2045737461626c65636572207920636f6e74726f6c6172206c6173206d65746f646f6c6f67266961637574653b61732064652070726f636573616d69656e746f206465206461746f73206f7269656e74616461732061207365677572696461642c20696e636c7579656e646f20646174612d77617265686f7573696e672e3c2f6c693e0d0a093c6c693e4566656374756172206c6173207461726561732064652041756469746f72266961637574653b61206465206c6f732053697374656d617320496e666f726d266161637574653b7469636f732e205061727469636970617220646520617262697472616a65732c2070657269636961732079207461736163696f6e65732072656c6163696f6e61646f7320636f6e206c6f732053697374656d617320496e666f726d266161637574653b7469636f732e20392e20506c616e6966696361722c20646972696769722c207265616c697a617220792f6f206576616c7561722070726f796563746f732064652073697374656d61732064652061646d696e69737472616369266f61637574653b6e206465207265637572736f732e2044697365266e74696c64653b6f2c20696d706c656d656e74616369266f61637574653b6e2c207072756562612c2076657269666963616369266f61637574653b6e2c2076616c6964616369266f61637574653b6e2c206d616e74656e696d69656e746f207920636f6e74726f6c206465206566696369656e6369612f2063616c69646164206465206c6f732073697374656d61732064652061646d696e69737472616369266f61637574653b6e206465207265637572736f732071756520736520696d706c616e74656e20636f6d6f20736f66747761726520736f6272652073697374656d61732064652070726f636573616d69656e746f206465206461746f732e2031302e20416e616c697a61722079206576616c7561722070726f796563746f7320646520657370656369666963616369266f61637574653b6e2c2064697365266e74696c64653b6f2c20696d706c656d656e74616369266f61637574653b6e2c2076657269666963616369266f61637574653b6e2c2070756573746120612070756e746f2c206d616e74656e696d69656e746f20792061637475616c697a616369266f61637574653b6e2064652073697374656d61732064652070726f636573616d69656e746f206465206461746f732e3c2f6c693e0d0a093c6c693e506172746963697061722064652070726f796563746f7320646520657370656369666963616369266f61637574653b6e2c2064697365266e74696c64653b6f2c20696d706c656d656e74616369266f61637574653b6e2c2076657269666963616369266f61637574653b6e2c2070756573746120612070756e746f2079206d616e74656e696d69656e746f20646520726564657320646520636f6d756e69636163696f6e6573207175652076696e63756c656e2073697374656d61732064652070726f636573616d69656e746f206465206461746f732e3c2f6c693e0d0a093c6c693e5265616c697a61722074617265617320636f6d6f20646f63656e746520756e697665727369746172696f20656e20496e666f726d266161637574653b7469636120656e20746f646f73206c6f73206e6976656c65732c206465206163756572646f2061206c61206a657261727175266961637574653b612064652074266961637574653b74756c6f20646520677261646f206d266161637574653b78696d6f2e205265616c697a61722074617265617320646520656e7365266e74696c64653b616e7a61206465206c6120657370656369616c6964616420656e20746f646f73206c6f73206e6976656c65732065647563617469766f732e20506c616e6966696361722079206465736172726f6c6c617220637572736f732064652061637475616c697a616369266f61637574653b6e2070726f666573696f6e616c20792063617061636974616369266f61637574653b6e20656e2067656e6572616c20656e2053697374656d617320646520496e666f726d616369266f61637574653b6e2e3c2f6c693e0d0a093c6c693e5265616c697a61722074617265617320646520696e766573746967616369266f61637574653b6e206369656e74266961637574653b666963612062266161637574653b7369636120792061706c696361646120656e2074656d61732064652053697374656d617320646520536f66747761726520792053697374656d617320646520496e666f726d616369266f61637574653b6e2c207061727469636970616e646f20636f6d6f204265636172696f2c20446f63656e74652d496e76657374696761646f72206f20496e76657374696761646f72204369656e74266961637574653b6669636f2f205465636e6f6c266f61637574653b6769636f2e3c2f6c693e0d0a093c6c693e446972696769722050726f796563746f732c204c61626f7261746f72696f732c2043656e74726f73206520496e7374697475746f7320646520496e766573746967616369266f61637574653b6e2079204465736172726f6c6c6f20656e20496e666f726d266161637574653b74696361206f7269656e7461646f732061206c617320266161637574653b726561732064652053697374656d617320646520496e666f726d616369266f61637574653b6e2e3c2f6c693e0d0a3c2f6f6c3e0d0a, 'planLS.pdf', 'licenciatura.jpg', 1),
(2, 'Ingeniería en Sistemas', 0x3c703e3c656d3e4c61206361727265726120646520496e67656e696572266961637574653b6120656e2053697374656d61732071756520736520646963746120656e206c6120556e697665727369646164204e6163696f6e616c206465204368696c656369746f20667565206170726f6261646120706f72204f7264656e616e7a61204e266465673b20313733202832302064652064696369656d6272652064652032303031292e20446573646520657361206f706f7274756e69646164206861737461206c612066656368612c206c6173206369656e6369617320696e666f726d266161637574653b74696361732079206c6173206469736369706c696e61732076696e63756c61646173206120656c6c6120636f6d6f20736f6e2c20706f7220656a656d706c6f2c206c617320636f6d756e69636163696f6e6573206f206c612074656c65696e666f726d266161637574653b746963612068616e207375667269646f20696d706f7274616e7465732063616d62696f73207465636e6f6c266f61637574653b6769636f732071756520616d65726974616e20756e612061637475616c697a616369266f61637574653b6e206465206c6f7320706c616e6573206465206573747564696f20766967656e7465732c20646520666f726d6120646520706f646572206f6672656365726c65732061206c6f7320616c756d6e6f7320756e612063757272266961637574653b63756c61206d266161637574653b732061636f72646520636f6e206c6f73207469656d706f732061637475616c65732e3c2f656d3e3c2f703e0d0a0d0a3c703e456c20506c616e2064652043617272657261207469656e6520656e206375656e7461206c61732065786967656e63696173207175652073652065737461626c6563656e207061726120746f646173206c617320636172726572617320646520696e67656e696572266961637574653b6120656e206375616e746f2061206c612063616e746964616420746f74616c20646520686f726173206d266961637574653b6e696d61732071756520736520646562656e206375727361722079206c61207265616c697a616369266f61637574653b6e206465206c612064656e6f6d696e616461205072266161637574653b63746963612050726f666573696f6e616c20537570657276697361646120266e646173683b205050532e20506f72206f74726120706172746520736520686120636f6e736964657261646f206d757920657370656369616c6d656e7465206c612064697374726962756369266f61637574653b6e20646520686f726173207465266f61637574653b72696361732079207072266161637574653b6374696361732c206c612063617061636974616369266f61637574653b6e206369656e74266961637574653b666963612079207065646167266f61637574653b676963612064656c20706c616e74656c20646f63656e74652c2079206c6f73206e6976656c65732064652065786967656e6369617320717565207065726d6974616e206c612061646563756164612070726f6d6f6369266f61637574653b6e206465206d617465726961732c2079206c6120617369676e616369266f61637574653b6e20646520686f72617320646520666f726d6120717565206c6f7320636f6e74656e69646f73206d266961637574653b6e696d6f73206465206c6173206d69736d61732070756564616e20736572206469637461646f7320656e20666f726d61206566656374697661207920636f6d706c6574612e205365206d616e7469656e656e206c6f7320636f6e636570746f732062266161637574653b7369636f732062616a6f206c6f73206375616c65732065737461206361727265726120667565206372656164612c20666f726d617220756e2070726f666573696f6e616c207465636e6f6c266f61637574653b6769636f206361706163697461646f2070617261206465736172726f6c6c61722073697374656d617320646520696e67656e696572266961637574653b612079207465636e6f6c6f67266961637574653b61206166696e65732061206c6f73206578697374656e74657320792070726f647563697220696e6e6f766163696f6e65733b20636170617a20646520616e616c697a61722079206576616c75617220726571756572696d69656e746f732064652070726f636573616d69656e746f7320646520696e666f726d616369266f61637574653b6e2c207920736f6272652065736120626173652c206465736172726f6c6c61722c2064697365266e74696c64653b61722c206f7267616e697a61722c20696d706c656d656e746172207920636f6e74726f6c61722073697374656d617320696e666f726d266161637574653b7469636f732c20616c20736572766963696f206465206d267561637574653b6c7469706c6573206e6563657369646164657320646520696e666f726d616369266f61637574653b6e2c206465206c6173206f7267616e697a6163696f6e6573207920646520746f646173206c61732070726f666573696f6e657320636f6e206c617320717565206465626572266161637574653b20696e74657261637475617220636f6e20766572736174696c69646164207920766f63616369266f61637574653b6e20646520736572766963696f20696e7465726469736369706c696e6172696f2e204164656d266161637574653b732c207175652072656369626120756e6120666f726d616369266f61637574653b6e20696e74656772616c20656e206d617465726961732074266561637574653b636e6963617320792068756d616e266961637574653b73746963617320717565206c6f20686162696c697465207061726120726573706f6e6465722061206c61732064656d616e64617320646520756e6120736f636965646164207175652065786967652064656c206d69736d6f20756e206d61726361646f20636f6d70726f6d69736f20636f6e206c612070726573657276616369266f61637574653b6e2064656c206d6564696f20616d6269656e74653b20656c206d656a6f72616d69656e746f206465206c612063616c69646164206465207669646120656e2067656e6572616c207920756e61206772616e20726573706f6e736162696c6964616420736f6369616c20656e20656c2071756568616365722070726f666573696f6e616c2e3c2f703e0d0a0d0a3c703e3c7374726f6e673e4f626a657469766f733c2f7374726f6e673e3c2f703e0d0a0d0a3c703e4c61204361727265726120646520496e67656e696572266961637574653b6120656e2053697374656d6173207469656e6520636f6d6f2066696e20666f726d617220756e20496e67656e6965726f207465636e6f6c266f61637574653b6769636f206361706163697461646f2070617261206465736172726f6c6c61722073697374656d617320646520696e67656e696572266961637574653b612079207465636e6f6c6f67266961637574653b61206166696e65732061206c6f73206578697374656e74657320792070726f647563697220696e6e6f766163696f6e65732e2053652070726f706f6e6520666f726d617220756e2070726f666573696f6e616c20636170617a20646520616e616c697a61722079206576616c75617220726571756572696d69656e746f732064652070726f636573616d69656e746f7320646520696e666f726d616369266f61637574653b6e2c207920736f6272652065736120626173652c206465736172726f6c6c61722c2064697365266e74696c64653b61722c206f7267616e697a61722c20696d706c656d656e746172207920636f6e74726f6c61722073697374656d617320696e666f726d266161637574653b7469636f732c20616c20736572766963696f206465206d267561637574653b6c7469706c6573206e6563657369646164657320646520696e666f726d616369266f61637574653b6e2c206465206c6173206f7267616e697a6163696f6e6573207920646520746f646173206c61732070726f666573696f6e657320636f6e206c617320717565206465626572266161637574653b20696e74657261637475617220636f6e20766572736174696c69646164207920766f63616369266f61637574653b6e20646520736572766963696f20696e7465726469736369706c696e6172696f2e204c6120707265706172616369266f61637574653b6e20696e74656772616c20726563696269646120656e206d617465726961732074266561637574653b636e6963617320792068756d616e266961637574653b737469636173206c6f20686162696c697461207061726120726573706f6e6465722061206c61732064656d616e64617320646520756e6120736f6369656461642071756520657869676520646520756e20496e67656e6965726f20756e206d61726361646f20636f6d70726f6d69736f20636f6e206c612070726573657276616369266f61637574653b6e2064656c206d6564696f20616d6269656e74652c20656c206d656a6f72616d69656e746f206465206c612063616c69646164206465207669646120656e2067656e6572616c207920756e61206772616e20726573706f6e736162696c6964616420736f6369616c20656e20656c2071756568616365722070726f666573696f6e616c2e3c2f703e0d0a, 0x3c703e54266961637574653b74756c6f3a20496e67656e6965726f20656e2053697374656d61733c2f703e0d0a0d0a3c703e536520617370697261206120666f726d61722070726f666573696f6e616c6573207175652c20656772657361646f73206465206c6120554e6465432c206465626572266161637574653b6e20657374617220656e20636f6e646963696f6e65732064653a3c2f703e0d0a0d0a3c6f6c3e0d0a093c6c693e5265616c697a6172206573747564696f73207920616e266161637574653b6c6973697320646520666163746962696c696461642c20706c616e6966696361722c20646972696769722c207265616c697a617220792f6f206576616c7561722070726f796563746f732064652072656c6576616d69656e746f2c20616e266161637574653b6c697369732c20657370656369666963616369266f61637574653b6e2c2064697365266e74696c64653b6f2c206465736172726f6c6c6f2c20696d706c656d656e74616369266f61637574653b6e2c2056657269666963616369266f61637574653b6e2c2076616c6964616369266f61637574653b6e2c2070756573746120612070756e746f2c206d616e74656e696d69656e746f20792061637475616c697a616369266f61637574653b6e2c207061726120746f646f207469706f20646520706572736f6e61732066266961637574653b7369636173206f206a7572266961637574653b64696361732c2064653a20266e6273703b53697374656d617320646520496e666f726d616369266f61637574653b6e2e20266e6273703b536f6674776172652076696e63756c61646f20696e646972656374616d656e746520616c20686172647761726520792061206c6f732073697374656d617320646520636f6d756e6963616369266f61637574653b6e206465206461746f732e20266e6273703b4f7267616e697a616369266f61637574653b6e2c2064697365266e74696c64653b6f20792066756e63696f6e616d69656e746f2064652043656e74726f732064652050726f636573616d69656e746f206465204461746f732e20266e6273703b44697365266e74696c64653b6f2064652061706c69636163696f6e6573206772266161637574653b666963617320636f6e206d6564696f7320696e666f726d266161637574653b7469636f732e3c2f6c693e0d0a093c6c693e44657465726d696e61722c2061706c69636172207920636f6e74726f6c6172206573747261746567696173207920706f6c266961637574653b7469636173206465206465736172726f6c6c6f2064652053697374656d617320646520496e666f726d616369266f61637574653b6e207920646520536f6674776172652e3c2f6c693e0d0a093c6c693e4576616c75617220792073656c656363696f6e6172206c6f73206c656e6775616a657320646520657370656369666963616369266f61637574653b6e2c2068657272616d69656e7461732064652064697365266e74696c64653b6f2c2070726f6365736f73206465206465736172726f6c6c6f2c206c656e6775616a65732064652070726f6772616d616369266f61637574653b6e2079206172717569746563747572617320646520736f6674776172652072656c6163696f6e61646f7320636f6e20656c2070756e746f20312e3c2f6c693e0d0a093c6c693e4576616c75617220792073656c656363696f6e6172206c61732061727175697465637475726173207465636e6f6c266f61637574653b67696361732064652070726f636573616d69656e746f2c2073697374656d617320646520636f6d756e6963616369266f61637574653b6e206465206461746f732c2074656c65636f6d756e69636163696f6e6573207920736f66747761726520646520626173652070617261207375207574696c697a616369266f61637574653b6e20656e206c6f732073697374656d617320646520696e666f726d616369266f61637574653b6e2e3c2f6c693e0d0a093c6c693e44697365266e74696c64653b6172206d65746f646f6c6f67266961637574653b61732079207465636e6f6c6f67266961637574653b61732070617261206465736172726f6c6c6f20646520736f6674776172652079206c6f732073697374656d617320646520696e666f726d616369266f61637574653b6e2076696e63756c61646f7320616c2070756e746f20312e3c2f6c693e0d0a093c6c693e4f7267616e697a61722079206469726967697220656c20266161637574653b7265612064652073697374656d617320646520746f646f207469706f20646520706572736f6e61732066266961637574653b7369636173206f206a7572266961637574653b64696361732c2064657465726d696e617220656c2070657266696c206465206c6f73207265637572736f732068756d616e6f73206e656365736172696f73207920636f6e7472696275697220612073752073656c65636369266f61637574653b6e207920666f726d616369266f61637574653b6e2e3c2f6c693e0d0a093c6c693e506c616e6966696361722c2064697365266e74696c64653b61722c20646972696769722079207265616c697a6172206c612063617061636974616369266f61637574653b6e206465207573756172696f7320656e206c61207574696c697a616369266f61637574653b6e2064656c20736f66747761726520792073697374656d617320646520696e666f726d616369266f61637574653b6e2076696e63756c61646f7320616c2070756e746f20312e3c2f6c693e0d0a093c6c693e44657465726d696e6172207920636f6e74726f6c617220656c2063756d706c696d69656e746f206465207061757461732074266561637574653b636e696361732c206e6f726d617320792070726f636564696d69656e746f73207175652072696a616e20656c2066756e63696f6e616d69656e746f2079206c61207574696c697a616369266f61637574653b6e2064656c20736f66747761726520792073697374656d617320646520696e666f726d616369266f61637574653b6e2076696e63756c61646f7320616c2070756e746f20312e3c2f6c693e0d0a093c6c693e456c61626f7261722c2064697365266e74696c64653b61722c20696d706c656d656e74617220792f6f206576616c756172206d266561637574653b746f646f732079206e6f726d617320612073656775697220656e206375657374696f6e657320646520736567757269646164206465206c6120696e666f726d616369266f61637574653b6e2079206c6f73206461746f732070726f63657361646f732c2067656e657261646f7320792f6f207472616e736d697469646f7320706f7220656c20736f6674776172652e3c2f6c693e0d0a093c6c693e456c61626f7261722c2064697365266e74696c64653b61722c20696d706c656d656e74617220792f6f206576616c756172206d266561637574653b746f646f7320792070726f636564696d69656e746f732064652061756469746f72266961637574653b612c20617365677572616d69656e746f206465206c612063616c696461642c20736567757269646164207920666f72656e7369612064656c20736f66747761726520792073697374656d617320646520696e666f726d616369266f61637574653b6e2076696e63756c61646f7320616c2070756e746f20312e3c2f6c693e0d0a093c6c693e5265616c697a617220617262697472616a65732c207065726974616a65732079207461736163696f6e6573207265666572696461732061206c617320266161637574653b72656173206573706563266961637574653b66696361732064652073752061706c6963616369266f61637574653b6e207920656e74656e64696d69656e746f2e3c2f6c693e0d0a093c6c693e5061727469636970617220656e2065717569706f7320646520616e266161637574653b6c6973697320696e7465726469736369706c696e6172696f732070617261206c6120636f6d7072656e7369266f61637574653b6e206465206c612070726f626c656d266161637574653b746963612072656c6163696f6e61646120636f6e206c6120266561637574653b746963612070726f666573696f6e616c2064656c20696e67656e6965726f2079206c612070726f626c656d266161637574653b74696361206465206c6f73206465726563686f732068756d616e6f732e3c2f6c693e0d0a3c2f6f6c3e0d0a, 'planIS.pdf', 'ingenieria.jpg', 1),
(3, 'Tecnicatura Universitaria en Desarrollo de Aplicaciones Web ', 0x3c703e457374612063617272657261207469656e6520636f6d6f206f626a657469766f2067656e6572616c20666f726d61722070726f666573696f6e616c657320656e20496e666f726d266161637574653b7469636120636170616365732064652074726162616a617220656e2065737472656368612072656c616369266f61637574653b6e20636f6e206f74726f732070726f666573696f6e616c657320696e666f726d266161637574653b7469636f7320792064652064697374696e746173206469736369706c696e61732c2061206c6f732065666563746f73206465207361746973666163657220726571756572696d69656e746f732076696e63756c61646f7320636f6e20656c206465736172726f6c6c6f2c20706c616e69666963616369266f61637574653b6e2c2064697365266e74696c64653b6f2c20656a6563756369266f61637574653b6e207920636f6e74726f6c2064652073697374656d617320696e666f726d266161637574653b7469636f7320636f6d706c656a6f732c20656e20706172746963756c61722c206465736172726f6c6c6f7320696e666f726d266161637574653b7469636f7320706172612061706c69636163696f6e6573207765622e3c2f703e0d0a, 0x3c703e50726573746172206173697374656e6369612074266561637574653b636e6963612061206c6f732070726f666573696f6e616c657320636f6e20666f726d616369266f61637574653b6e20646520677261646f20656e20496e666f726d266161637574653b74696361206f2053697374656d617320646520496e666f726d616369266f61637574653b6e20656e207461726561732072656c6163696f6e6164617320636f6e206573747564696f2c20616e266161637574653b6c697369732c20657370656369666963616369266f61637574653b6e2c2064697365266e74696c64653b6f2c206465736172726f6c6c6f2c20696d706c656d656e74616369266f61637574653b6e2c2076657269666963616369266f61637574653b6e2c2076616c6964616369266f61637574653b6e2c2070756573746120612070756e746f2c206d616e74656e696d69656e746f2064653a3c2f703e0d0a0d0a3c756c3e0d0a093c6c693e41706c69636163696f6e6573205765622e3c2f6c693e0d0a093c6c693e53697374656d617320646520496e666f726d616369266f61637574653b6e2028656e2067656e6572616c292e3c2f6c693e0d0a093c6c693e44697365266e74696c64653b6f2064652061706c69636163696f6e6573206772266161637574653b666963617320636f6e206d6564696f7320696e666f726d266161637574653b7469636f732e3c2f6c693e0d0a093c6c693e5061727469636970617220656e20656c206465736172726f6c6c6f2064652053697374656d617320646520496e666f726d616369266f61637574653b6e207920646520536f6674776172652e3c2f6c693e0d0a093c6c693e5061727469636970617220656e206c612073656c65636369266f61637574653b6e206465206c61732061727175697465637475726173207465636e6f6c266f61637574653b67696361732064652070726f636573616d69656e746f2c207920736f66747761726520706172612064697365266e74696c64653b6f2064652061706c69636163696f6e6573205765622e3c2f6c693e0d0a093c6c693e5061727469636970617220656e20656c2064697365266e74696c64653b6f206465206d65746f646f6c6f67266961637574653b61732070617261206465736172726f6c6c6f20646520736f6674776172652076696e63756c61646f7320616c2070756e746f207072696d65726f2e3c2f6c693e0d0a3c2f756c3e0d0a0d0a3c703e3c7374726f6e673e50726f6772616d6173206465204d6f76696c696461643c2f7374726f6e673e3c2f703e0d0a0d0a3c756c3e0d0a093c6c693e50726f6772616d61206465204d6f76696c69646164204d4143412028436f6c6f6d6269612920266e646173683b204d6f76696c696461642041636164266561637574653b6d69636120436f6c6f6d62696120417267656e74696e613c2f6c693e0d0a093c6c693e50726f6772616d61206465204d6f76696c6964616420457374756469616e74696c2064656c2043524953434f53202850617261677561792c20506572267561637574653b2c20426f6c697669612079204368696c652920436f6e73656a6f20646520526563746f72657320266e6273703b706f72206c6120496e74656772616369266f61637574653b6e206465206c612053756272656769266f61637574653b6e2043656e74726f204f6573746520646520537564616d266561637574653b726963612e3c2f6c693e0d0a3c2f756c3e0d0a, 'planTUDAW.pdf', 'tudaw.jpg', 1),
(4, 'Ingeniería Mecatrónica', 0x3c703e456c206163656c657261646f206176616e6365206465206c61207465636e6f6c6f67266961637574653b612061206e6976656c206d756e6469616c20696d706163746120656e20656c20736563746f722070726f6475637469766f20726567696f6e616c2079206e6163696f6e616c2c20666f727a616e646f2061206c617320696e6475737472696173206120696e636f72706f726172206e75657661732065737472617465676961732064652063726563696d69656e746f2071756520696e636c7579616e206c61206175746f6d6174697a616369266f61637574653b6e207920656c20636f6e74726f6c20656e207375732070726f6365736f732e204573746f20726571756965726520646520696e67656e6965726f7320657370656369616c697a61646f7320656e206469666572656e74657320266161637574653b7265617320656e747265206c612071756520736f62726573616c65206c6120496e67656e696572266961637574653b61204d6563617472266f61637574653b6e6963612e3c2f703e0d0a0d0a3c703e456c20646f6d696e696f2064652065737461206469736369706c696e6120657320696e64697370656e7361626c652070617261206d616e74656e6572206f706572617469766f73206c6f732070726f6365736f73206578697374656e74657320792067656e657261722070726f70756573746173206e6f7665646f7361732064652070726f6365736f73206175746f6d6174697a61646f73207175652064656d616e6465206c6120696e6475737472696120656e20656c2066757475726f207072266f61637574653b78696d6f2e3c2f703e0d0a0d0a3c703e457320696d7072657363696e6469626c65206469736d696e756972206c6120646570656e64656e636961207465636e6f6c266f61637574653b6769636120646520656d7072657361732065787472616e6a657261732079612071756520737520616471756973696369266f61637574653b6e2079206d616e74656e696d69656e746f2070726f766f636120616c746f7320636f73746f7320646520696e7665727369266f61637574653b6e2e20456c20496e67656e6965726f204d6563617472266f61637574653b6e69636f20657374266161637574653b206361706163697461646f2070617261206465736172726f6c6c617220736f6c7563696f6e657320696e6e6f7661646f7261732c2067656e6572617220646973706f73697469766f73206465206175746f6d6174697a616369266f61637574653b6e2079206d6563616e69736d6f732071756520736520636f6e766572746972266961637574653b616e20656e206465736172726f6c6c6f73207465636e6f6c266f61637574653b6769636f732e3c2f703e0d0a0d0a3c703e456e206c612072656769266f61637574653b6e2c206c6173207072696e636970616c657320636164656e61732070726f647563746976617320736f6e206c61206f6c6976266961637574653b636f6c612c207669746976696e266961637574653b636f6c612c2066727574266961637574653b636f6c6120286e6f67616c292e204f74726173206675656e74657320696d706f7274616e74657320646520696e677265736f7320736f6e206c617320696e64757374726961732064656c20637565726f2079207069656c65732073656361732c206176266961637574653b636f6c612c20616c696d656e74696369612028667275746173207920766572647572617320656e76617361646173292c20656e657267266961637574653b617320616c7465726e617469766173202865266f61637574653b6c696361207920736f6c6172292c20656e747265206f747261732e3c2f703e0d0a0d0a3c703e457374617320696e64757374726961732064656d616e64616e2064652070726f666573696f6e616c65732071756520657374266561637574653b6e206361706163697461646f7320706172612063726561722079206d616e74656e6572206c61207465636e6f6c6f67266961637574653b61206e656365736172696120706172612073752066756e63696f6e616d69656e746f2c20646f74616e646f2064652070726f6365736f73206175746f6d6174697a61646f732071756520696e6372656d656e74656e2073752070726f647563746976696461642e3c2f703e0d0a0d0a3c703e4c6120554e646543207365206372656120656e206c6120636f6e7669636369266f61637574653b6e20646520636f6e73746974756972736520656e20756e20666163746f7220646563697369766f20656e20656c206465736172726f6c6c6f20726567696f6e616c2e20457320706f7220656c6c6f2071756520657374266161637574653b20636f6d70726f6d657469646120636f6e206c6120666f726d616369266f61637574653b6e2064652070726f666573696f6e616c657320616c74616d656e74652070726570617261646f732c206361706163657320646520616471756972697220636f6e6f63696d69656e746f732070617261206166726f6e746172206e7565766f73207265746f732c2064656d6f737472616e646f207369656d70726520756e206675657274652073656e7469646f20646520726573706f6e736162696c6964616420736f6369616c2c207265737065746f2061206c612063756c74757261207920656c206d6564696f20616d6269656e74652e3c2f703e0d0a0d0a3c703e45736520636f6d70726f6d69736f207365207472616475636520656e20756e61206f66657274612061636164266561637574653b6d6963612064696e266161637574653b6d6963612071756520696e74656e7461207265736f6c766572206c6f732070726f626c656d617320717565206469666963756c74616e20656c206465736172726f6c6c6f2065636f6e266f61637574653b6d69636f207920736f6369616c2e204c61204d6563617472266f61637574653b6e696361206573206c612061706c6963616369266f61637574653b6e206465206c617320267561637574653b6c74696d61732074266561637574653b636e6963617320656e20696e67656e696572266961637574653b61206d6563266161637574653b6e6963612064652070726563697369266f61637574653b6e2c266e6273703b20656c65637472266f61637574653b6e6963612c2074656f72266961637574653b6120646520636f6e74726f6c2079206369656e63696173206465206c6120636f6d707574616369266f61637574653b6e2c20706172612064697365266e74696c64653b61722070726f6365736f7320792070726f647563746f7320636164612076657a206d266161637574653b732066756e63696f6e616c6573207920616461707461626c65732e204c6120696465612062266161637574653b736963612065732061706c69636172206e7565766173207465636e6f6c6f67266961637574653b617320646520636f6e74726f6c207920646520636f6d70757461646f7261732c20636f6e6a756e74616d656e746520636f6e20656c65637472266f61637574653b6e6963612061736f636961646120736567267561637574653b6e20656c206361736f2c2070617261206f6274656e6572206e6976656c657320646520646573656d7065266e74696c64653b6f207375706572696f72657320646520756e20646973706f73697469766f2e266e6273703b3c2f703e0d0a, '', 'Ord.-023-17-Ingeniería-Mecatrónica.pdf', 'mecatronica.jpg', 1),
(5, 'Ingeniería en Agrimensura', 0x3c703e4c6120556e697665727369646164204e6163696f6e616c206465204368696c656369746f207365206372656120656e206c6120636f6e7669636369266f61637574653b6e20646520636f6e73746974756972736520656e20756e20666163746f7220646563697369766f20656e20656c206465736172726f6c6c6f20726567696f6e616c2e2041207061727469722064652073752070726f70696120646566696e696369266f61637574653b6e2064652070657274696e656e6369612073652070726573656e746120636f6e20756e206d61726361646f20636f6d70726f6d69736f20636f6e206c612072656769266f61637574653b6e2e266e6273703b3c2f703e0d0a0d0a3c703e45736520636f6d70726f6d69736f207365207472616475636520656e20756e61206f66657274612064696e266161637574653b6d6963612071756520696e74656e7461207265736f6c766572206c6f732070726f626c656d617320717565206469666963756c74616e20656c206465736172726f6c6c6f2065636f6e266f61637574653b6d69636f207920736f6369616c2e20556e6f206465206c6f7320666163746f7265732064657465726d696e616e74657320706172612065736173206469666963756c7461646573206573206c61206772616e20737570657266696369652064656c207465727269746f72696f2070726f76696e6369616c20636f6e2073697475616369266f61637574653b6e207465727269746f7269616c206465736f7264656e6164612c20636f6e2066616c74612064652074266961637574653b74756c6f732079206d656e73757261732c20717565206578706f6e652061206c6120636f6d756e6964616420612072696573676f7320646520636f6e666c6963746f7320656e747265206c696e6465726f732c20696e736567757269646164206a7572266961637574653b6469636120706172612070726f706965746172696f7320706f736565646f7265732c20646573616c69656e746f207061726120696e76657273696f6e65732070726f64756374697661732c206469666963756c7461646573207061726120656c2061636365736f2061206372266561637574653b6469746f732c2061206c6f2071756520736520616772656761206c61206578697374656e6369612064652063616d706f7320636f6d756e65726f7320717565206d616e7469656e656e20696e646566696e69646f73206c6f73206465726563686f7320646520717569656e657320636f6d70617274656e207375206578706c6f74616369266f61637574653b6e2079206e6f207065726d69746520656c206170726f76656368616d69656e746f20656e206772616e64657320657874656e73696f6e65732e266e6273703b3c2f703e0d0a0d0a3c703e4c61206469736369706c696e612064657374696e6164612061206174656e64657220656c206f7264656e616d69656e746f207465727269746f7269616c206c6120616772696d656e73757261207920656c2070726f666573696f6e616c20756e697665727369746172696f2064657374696e61646f20612063756d706c697220636f6e2065736520726f6c20657320656c20496e67656e6965726f20416772696d656e736f722e20506f722065736f20656c2070726573656e74652070726f796563746f2070726f706f6e65206c6120637265616369266f61637574653b6e206465206c61206361727265726120646520496e67656e696572266961637574653b6120656e20416772696d656e73757261206375796120647572616369266f61637574653b6e2065732064652035202863696e636f292061266e74696c64653b6f732e266e6273703b3c2f703e0d0a, 0x3c703e456c20506c616e206465204573747564696f73207175652073652070726f706f6e652070726f63757261206c6f677261722071756520656c20496e67656e6965726f20416772696d656e736f7220677261647561646f20656e206c6120556e697665727369646164204e6163696f6e616c206465204368696c656369746f20706f73656120756e612073266f61637574653b6c69646120666f726d616369266f61637574653b6e2062617361646120656e2066756e64616d656e746f73207465266f61637574653b7269636f732c206d65746f646f6c266f61637574653b6769636f73207920266561637574653b7469636f732c20717565206c652064656e2073757374656e746f206a7572266961637574653b6469636f2c20736f63696f65636f6e266f61637574653b6d69636f2079207465636e6f6c266f61637574653b6769636f2061207375206163746976696461642070726f666573696f6e616c2e266e6273703b3c2f703e0d0a0d0a3c703e456c20636f6e74656e69646f20637572726963756c6172207920656c206372266561637574653b6469746f20686f726172696f20617365677572616e206c6120666f726d616369266f61637574653b6e2061636164266561637574653b6d6963612064656c20656772657361646f20706172613a3c2f703e0d0a0d0a3c6f6c3e0d0a093c6c693e5265736f6c766572206c612061706c6963616369266f61637574653b6e207465727269746f7269616c2064656c206465726563686f20706f7220656a6563756369266f61637574653b6e206465206c6f73206163746f73206465206d656e737572612c206d656469616e7465206c6f73206375616c657320656c20496e67656e6965726f20416772696d656e736f7220646566696e652c2064656d617263612c206d696465207920726570726573656e7461206c6f73206c266961637574653b6d69746573206f726967696e61646f7320656e20686563686f7320646520636172266161637574653b63746572206a7572266961637574653b6469636f2061646d696e69737472617469766f2c207961207365616e20696e7465726e6163696f6e616c65732c2070726f76696e6369616c65732c206a7572697364696363696f6e616c6573206f206465206c612070726f7069656461642070267561637574653b626c696361206f2070726976616461207920646520736572766964756d627265732c20656e206375616c717569657220266161637574653b6d6269746f2064656c206573706163696f207465727269746f7269616c2c2067656e6572616e646f20656c2065737461646f2070617263656c6172696f207920737573206d6f64696669636163696f6e65732e3c2f6c693e0d0a093c6c693e50726f6772616d61722c20636f6e66656363696f6e617220792064697269676972206c61206765737469266f61637574653b6e2070267561637574653b626c6963612064656c20436174617374726f205465727269746f7269616c2c2074616e746f20656e206c6f73206173706563746f732067656f746f706f666f746f636172746f6772266161637574653b6669636f732c20636f6d6f206c6f732071756520736520726566696572656e20616c2073616e65616d69656e746f206465206c6f73206465726563686f73207465727269746f7269616c65732c2061206c612076616c75616369266f61637574653b6e20696e6d6f62696c6961726961207920616c206465736172726f6c6c6f206520696d706c656d656e74616369266f61637574653b6e2064652053697374656d617320646520496e666f726d616369266f61637574653b6e205465727269746f7269616c206d756c746970726f70266f61637574653b7369746f2e3c2f6c693e0d0a093c6c693e456c61626f726172206c6120636172746f67726166266961637574653b612062266161637574653b736963612c2070617263656c6172696120792074656d266161637574653b746963612c2061707461732070617261206c6120706c616e69666963616369266f61637574653b6e2064656c206465736172726f6c6c6f207465727269746f7269616c2c2061207061727469722064656c2072656c6576616d69656e746f206465206c6120696e666f726d616369266f61637574653b6e20636f6e74656e69646120656e20656c206573706163696f2067656f6772266161637574653b6669636f20706f722061706c6963616369266f61637574653b6e206465206c6173206369656e636961732067656f746f706f666f746f636172746f6772266161637574653b6669636173206f2064652074656c6564657465636369266f61637574653b6e20657370616369616c2c20706f72206d6564696f2064656c206f7264656e616d69656e746f20792067656e6572616c697a616369266f61637574653b6e206465206c61206d69736d612c20636f6e666f726d65206120657363616c6173206164617074616461732c2061706f7274616e646f206c6f73207072696e636970696f732079206c6173206c657965732064652073656d696f6c6f67266961637574653b61206772266161637574653b6669636120616465637561646173206120616c20726570726573656e74616369266f61637574653b6e2070726574656e646964612c20796120736561206772266161637574653b66696361206f206469676974616c2e266e6273703b266e6273703b3c2f6c693e0d0a093c6c693e456a656375746172206c612076616c75616369266f61637574653b6e206465206c6f7320696e6d7565626c6573207920737573206d656a6f7261732079206c6173206469766973696f6e65732064656c207465727269746f72696f20656e207a6f6e6173206465206361726163746572266961637574653b7374696361732065636f6e266f61637574653b6d6963617320686f6d6f67266561637574653b6e6561732c2064657465726d696e6164207375732076616c6f7265732062266161637574653b7369636f7320636f6e2066696e65732063617461737472616c657320646520706c616e65616d69656e746f207920706c616e69666963616369266f61637574653b6e20646520756e6964616465732065636f6e266f61637574653b6d69636173207a6f6e616c65732e3c2f6c693e0d0a093c6c693e44657465726d696e6172206c6120666f726d61206465206c61207469657272612c207375732072656c6163696f6e65732067656f6d266561637574653b74726963617320636f6e20656c20706c616e6f206465206c6120726570726573656e74616369266f61637574653b6e2079206c61206d656469646120646520746f646f20617175656c6c6f2071756520646566696e61206c61732064696d656e73696f6e65732c20706f73696369266f61637574653b6e207920666f726d61206465206375616c7175696572207061727465206465206c612073757065726669636965207465727265737472652079206465206c6f7320656c656d656e746f73206f20636f6e737472756363696f6e6573206120656c6c6120726566657269646f732e3c2f6c693e0d0a093c6c693e446972696769722079207061727469636970617220656e2065717569706f7320646520696e766573746967616369266f61637574653b6e206369656e74266961637574653b6669636120792061706c696361646120656e2064697374696e7461732074656d266161637574653b746963617320717565206e656365736974616e2064656c2061706f72746520696e7375737469747569626c652064656c2072656c6576616d69656e746f2064656c207465727269746f72696f20656e20737573206173706563746f732c2066266961637574653b7369636f732c206a7572266961637574653b6469636f7320792065636f6e266f61637574653b6d69636f732c206465206c6173206d65646963696f6e657320657370656369616c657320792064656c2070726f636573616d69656e746f206465206c6120696e666f726d616369266f61637574653b6e207465727269746f7269616c202e3c2f6c693e0d0a3c2f6f6c3e0d0a, 'Ord.-021-17-Ingeniería-en-Agrimensura.pdf', 'agrimensura.jpg', 1),
(6, 'Tecnicatura Universitaria en Topografía', 0x3c703e456e2072617a266f61637574653b6e20646520646172207265737075657374612061206c61206d6172636164612064656d616e646120646520636172726572617320636f7274617320636f6e20696e6d6564696174612073616c696461206c61626f72616c2c20657370656369616c6d656e746520656e20656c20736563746f72206465206c61732063617272657261732074266561637574653b636e696361732c20636f6e2061706c6963616369266f61637574653b6e206465206176616e636573207465636e6f6c266f61637574653b6769636f73206520696e666f726d266161637574653b7469636f732c206573207175652073652070726573656e746120656c2070726f796563746f206465206c612063617272657261205465636e6963617475726120556e697665727369746172696120656e20546f706f67726166266961637574653b612e204573746120636172726572612073652070726f706f6e6520636f6e6a756e746120792073696d756c74266161637574653b6e65616d656e746520636f6e20496e67656e696572266961637574653b6120656e20416772696d656e737572612c207065726f206e6f20636f6d6f206361727265726120696e7465726d656469612073696e6f20636f6d6f20756e61207465636e6963617475726120717565207065726d69746120616c20677261647561646f20646573656d7065266e74696c64653b6172736520636f6d6f20617578696c6961722064652064697665727361732072616d6173206465206c6120696e67656e696572266961637574653b612e3c2f703e0d0a, 0x3c703e456c2054266561637574653b636e69636f20556e697665727369746172696f20656e20546f706f67726166266961637574653b6120657374266161637574653b2064657374696e61646f20612073657220756e20657374726563686f20636f6c61626f7261646f7220636f6e206c6f7320496e672e20416772696d656e736f7265732c20496e672e20436976696c65732c20496e672e20456e2076266961637574653b617320646520636f6d756e6963616369266f61637574653b6e2c20496e672e2048696472266161637574653b756c69636f7320656e747265206f74726f732c20677261636961732061206c6120666f726d616369266f61637574653b6e207175652072656369626520656e20546f706f67726166266961637574653b612c20636172746f67726166266961637574653b612c20446962756a6f20436172746f6772266161637574653b6669636f207920546f706f6772266161637574653b6669636f2c20496e666f726d266161637574653b746963612c20656e747265206f7472617320617369676e6174757261732e3c2f703e0d0a0d0a3c703e42266161637574653b736963616d656e7465207469656e6520656e206375656e7461206c617320636f6e646963696f6e6573207265616c6573206578697374656e74657320656e20656c206d65726361646f206c61626f72616c207175652072657175696572652064652054266561637574653b636e69636f7320556e697665727369746172696f732071756520736520646573656d7065266e74696c64653b656e2065666963617a6d656e746520656e206c61206163746976696461642070726976616461266e6273703b20636f6c61626f72616e646f20636f6e206c6f7320696e67656e6965726f732c20636f6d6f20656e20656c20736563746f722070267561637574653b626c69636f204d756e69636970616c2c2070726f76696e6369616c2079204e6163696f6e616c206465206469766572736f7320736563746f726573207920646570656e64656e636961732e20457320756e612064656d616e6461206578697374656e7465206e6f20736f6c6f20656e206c612070726f76696e636961206465204c612052696f6a612c2073696e6f20656e20656c20726573746f2064656c207061266961637574653b732e3c2f703e0d0a, 'Ord.-022-17-Tecnicatura-Universitaria-en-Topografí', 'topografia.jpg', 1);

-- --------------------------------------------------------

--
-- Estructura de tabla para la tabla `ciclos`
--

DROP TABLE IF EXISTS `ciclos`;
CREATE TABLE IF NOT EXISTS `ciclos` (
  `id` int(11) NOT NULL AUTO_INCREMENT,
  `nombre` varchar(80) NOT NULL,
  `id_plan` int(11) NOT NULL,
  `id_orientacion` int(11) DEFAULT NULL,
  PRIMARY KEY (`id`),
  KEY `id_plan` (`id_plan`),
  KEY `id_orientacion` (`id_orientacion`)
) ENGINE=InnoDB AUTO_INCREMENT=7 DEFAULT CHARSET=latin1;

--
-- Volcado de datos para la tabla `ciclos`
--

INSERT INTO `ciclos` (`id`, `nombre`, `id_plan`, `id_orientacion`) VALUES
(1, 'LS Básico', 1, NULL),
(2, 'IS Básico', 2, NULL),
(3, 'tudaw Básico', 3, NULL),
(4, 'IA Básico', 4, NULL),
(5, 'IM Básico', 5, NULL),
(6, 'TUT Básico', 6, NULL);

-- --------------------------------------------------------

--
-- Estructura de tabla para la tabla `ciclo_materia`
--

DROP TABLE IF EXISTS `ciclo_materia`;
CREATE TABLE IF NOT EXISTS `ciclo_materia` (
  `id` int(11) NOT NULL AUTO_INCREMENT,
  `id_ciclo` int(11) NOT NULL,
  `id_materia` int(11) NOT NULL,
  `id_regimen` int(11) NOT NULL,
  `horas` int(11) NOT NULL,
  `hs_total` int(11) NOT NULL,
  `programa` varchar(100) DEFAULT NULL,
  `anio` int(11) NOT NULL,
  `codigo` int(11) DEFAULT NULL,
  PRIMARY KEY (`id`),
  KEY `id_ciclo` (`id_ciclo`),
  KEY `id_materia` (`id_materia`),
  KEY `id_regimen` (`id_regimen`)
) ENGINE=InnoDB AUTO_INCREMENT=233 DEFAULT CHARSET=latin1;

--
-- Volcado de datos para la tabla `ciclo_materia`
--

INSERT INTO `ciclo_materia` (`id`, `id_ciclo`, `id_materia`, `id_regimen`, `horas`, `hs_total`, `programa`, `anio`, `codigo`) VALUES
(1, 1, 1, 1, 5, 150, NULL, 1, 101),
(2, 1, 2, 1, 5, 150, NULL, 1, 102),
(3, 1, 3, 2, 4, 60, NULL, 1, 111),
(4, 1, 4, 2, 4, 60, NULL, 1, 112),
(5, 1, 5, 2, 3, 45, NULL, 1, 113),
(6, 1, 8, 1, 4, 120, NULL, 2, 201),
(7, 1, 17, 1, 4, 120, NULL, 2, 202),
(8, 1, 19, 1, 4, 120, NULL, 2, 203),
(9, 1, 11, 2, 4, 60, NULL, 2, 211),
(10, 1, 12, 2, 4, 60, NULL, 2, 212),
(11, 1, 13, 3, 4, 60, NULL, 2, 221),
(12, 1, 14, 3, 4, 60, NULL, 2, 222),
(13, 1, 15, 3, 4, 60, NULL, 2, 223),
(14, 1, 16, 1, 3, 90, NULL, 3, 301),
(15, 1, 17, 1, 4, 120, NULL, 3, 302),
(16, 1, 18, 1, 4, 120, NULL, 3, 303),
(17, 1, 19, 1, 4, 120, NULL, 3, 304),
(18, 1, 20, 2, 5, 75, NULL, 3, 311),
(19, 1, 21, 2, 3, 45, NULL, 3, 312),
(20, 1, 22, 3, 4, 60, NULL, 3, 322),
(21, 1, 23, 3, 3, 45, NULL, 3, 322),
(22, 1, 24, 1, 4, 120, NULL, 4, 401),
(23, 1, 25, 1, 4, 120, NULL, 4, 402),
(24, 1, 26, 2, 4, 60, NULL, 4, 411),
(25, 1, 27, 2, 4, 60, NULL, 4, 412),
(26, 1, 28, 2, 3, 45, NULL, 4, 413),
(27, 1, 29, 2, 4, 60, NULL, 4, 414),
(28, 1, 30, 3, 3, 45, NULL, 4, 421),
(29, 1, 31, 3, 4, 60, NULL, 4, 422),
(30, 1, 32, 3, 3, 45, NULL, 4, 423),
(31, 1, 33, 3, 5, 75, NULL, 4, 424),
(32, 1, 34, 3, 4, 60, NULL, 4, 425),
(33, 1, 35, 1, 4, 120, NULL, 5, 501),
(34, 1, 36, 2, 3, 45, NULL, 5, 511),
(35, 1, 37, 2, 4, 60, NULL, 5, 512),
(36, 1, 38, 2, 4, 60, NULL, 5, 513),
(37, 1, 39, 2, 4, 60, NULL, 5, 514),
(38, 1, 40, 2, 5, 75, NULL, 5, 515),
(39, 1, 41, 3, 4, 60, NULL, 5, 521),
(40, 1, 42, 3, 4, 60, NULL, 5, 522),
(41, 1, 43, 3, 4, 60, NULL, 5, 523),
(42, 1, 44, 3, 4, 60, NULL, 5, 524),
(43, 1, 6, 3, 4, 60, NULL, 1, 121),
(44, 1, 7, 3, 4, 60, NULL, 1, 122),
(45, 2, 1, 1, 5, 150, NULL, 1, 101),
(46, 2, 2, 1, 5, 150, NULL, 1, 102),
(47, 2, 45, 2, 5, 75, NULL, 1, 111),
(48, 2, 3, 2, 4, 60, NULL, 1, 112),
(49, 2, 4, 2, 4, 60, NULL, 1, 113),
(50, 2, 5, 2, 3, 45, NULL, 1, 114),
(51, 2, 6, 3, 4, 60, NULL, 1, 121),
(52, 2, 46, 3, 5, 75, NULL, 1, 122),
(53, 2, 7, 3, 4, 60, NULL, 1, 123),
(54, 2, 47, 3, 4, 60, NULL, 1, 124),
(55, 2, 8, 1, 4, 120, NULL, 2, 201),
(56, 2, 9, 1, 4, 120, NULL, 2, 202),
(57, 2, 10, 1, 4, 120, NULL, 2, 203),
(58, 2, 48, 2, 5, 75, NULL, 2, 211),
(59, 2, 11, 2, 4, 60, NULL, 2, 212),
(60, 2, 12, 2, 4, 60, NULL, 2, 213),
(61, 2, 49, 3, 5, 75, NULL, 2, 221),
(62, 2, 13, 3, 4, 60, NULL, 2, 222),
(63, 2, 14, 3, 4, 60, NULL, 2, 223),
(64, 2, 15, 3, 4, 60, NULL, 2, 224),
(65, 2, 16, 1, 3, 90, NULL, 3, 301),
(66, 2, 17, 1, 4, 120, NULL, 3, 302),
(67, 2, 18, 1, 4, 120, NULL, 3, 303),
(68, 2, 19, 1, 4, 120, NULL, 3, 304),
(69, 2, 50, 2, 4, 60, NULL, 3, 311),
(70, 2, 51, 2, 3, 45, NULL, 3, 312),
(71, 2, 52, 2, 4, 60, NULL, 3, 313),
(72, 2, 22, 3, 4, 60, NULL, 3, 321),
(73, 2, 53, 3, 4, 60, NULL, 3, 322),
(74, 2, 23, 3, 3, 45, NULL, 3, 323),
(75, 2, 24, 1, 4, 120, NULL, 4, 401),
(76, 2, 25, 1, 4, 120, NULL, 4, 402),
(77, 2, 26, 2, 4, 60, NULL, 4, 411),
(78, 2, 27, 2, 4, 60, NULL, 4, 412),
(79, 2, 28, 2, 3, 45, NULL, 4, 413),
(80, 2, 29, 2, 4, 60, NULL, 4, 414),
(81, 2, 21, 2, 3, 45, NULL, 4, 415),
(82, 2, 30, 3, 4, 60, NULL, 4, 421),
(83, 2, 34, 3, 4, 60, NULL, 4, 422),
(84, 2, 54, 3, 4, 60, NULL, 4, 423),
(85, 2, 31, 3, 4, 60, NULL, 4, 424),
(86, 2, 32, 3, 3, 45, NULL, 4, 425),
(87, 2, 35, 1, 4, 120, NULL, 5, 501),
(88, 2, 36, 2, 3, 45, NULL, 5, 511),
(89, 2, 37, 2, 4, 60, NULL, 5, 512),
(90, 2, 38, 2, 4, 60, NULL, 5, 513),
(91, 2, 39, 2, 4, 60, NULL, 5, 514),
(92, 2, 55, 2, 4, 60, NULL, 5, 515),
(93, 2, 43, 3, 4, 60, NULL, 5, 521),
(94, 2, 56, 3, 4, 60, NULL, 5, 522),
(95, 2, 41, 3, 4, 60, NULL, 5, 523),
(96, 2, 57, 3, 3, 45, NULL, 5, 524),
(97, 2, 42, 3, 4, 60, NULL, 5, 525),
(98, 3, 58, 2, 5, 75, NULL, 1, 1),
(99, 3, 4, 2, 4, 60, NULL, 1, 2),
(100, 3, 61, 2, 4, 60, NULL, 1, 3),
(101, 3, 59, 2, 4, 60, NULL, 1, 4),
(102, 3, 10, 2, 5, 75, NULL, 1, 5),
(103, 3, 60, 2, 4, 60, NULL, 1, 6),
(104, 3, 62, 3, 5, 75, NULL, 1, 7),
(105, 3, 63, 3, 4, 60, NULL, 1, 8),
(106, 3, 64, 3, 5, 75, NULL, 1, 9),
(107, 3, 65, 3, 4, 60, NULL, 1, 10),
(108, 3, 66, 3, 4, 60, NULL, 1, 11),
(109, 3, 67, 3, 5, 75, NULL, 1, 12),
(110, 3, 68, 2, 4, 60, NULL, 2, 13),
(111, 3, 18, 2, 4, 60, NULL, 2, 14),
(112, 3, 69, 2, 5, 75, NULL, 2, 15),
(113, 3, 70, 2, 4, 60, NULL, 2, 16),
(114, 3, 71, 2, 5, 75, NULL, 2, 17),
(115, 3, 19, 2, 5, 75, NULL, 2, 18),
(116, 3, 24, 3, 5, 75, NULL, 2, 19),
(117, 3, 13, 3, 3, 45, NULL, 2, 20),
(118, 3, 72, 3, 5, 75, NULL, 2, 21),
(119, 3, 73, 3, 5, 75, NULL, 2, 22),
(120, 3, 16, 3, 5, 75, NULL, 2, 23),
(121, 3, 74, 3, 5, 75, NULL, 2, 24),
(122, 3, 75, 2, 6, 90, NULL, 3, 25),
(123, 3, 76, 2, 5, 75, NULL, 3, 26),
(124, 3, 77, 2, 4, 60, NULL, 3, 27),
(125, 3, 78, 2, 5, 75, NULL, 3, 28),
(126, 3, 79, 2, 4, 60, NULL, 3, 29),
(127, 3, 35, 2, 5, 75, NULL, 3, 30),
(128, 4, 1, 1, 6, 180, NULL, 1, 1),
(129, 4, 80, 2, 4, 60, NULL, 1, 2),
(130, 4, 81, 1, 4, 120, NULL, 1, 3),
(131, 4, 46, 1, 6, 180, NULL, 1, 4),
(132, 4, 45, 1, 4, 120, NULL, 1, 5),
(133, 4, 82, 3, 4, 60, NULL, 1, 6),
(134, 4, 83, 3, 6, 90, NULL, 1, 7),
(135, 4, 8, 2, 5, 75, NULL, 2, 8),
(136, 4, 84, 2, 4, 60, NULL, 2, 9),
(137, 4, 48, 2, 6, 90, NULL, 2, 10),
(138, 4, 85, 2, 4, 60, NULL, 2, 11),
(139, 4, 86, 2, 5, 75, NULL, 2, 12),
(140, 4, 87, 2, 6, 90, NULL, 2, 13),
(141, 4, 13, 3, 6, 90, NULL, 2, 14),
(142, 4, 88, 3, 4, 60, NULL, 2, 15),
(143, 4, 49, 3, 4, 60, NULL, 2, 16),
(144, 4, 89, 3, 5, 75, NULL, 2, 17),
(145, 4, 90, 3, 4, 60, NULL, 2, 18),
(146, 4, 91, 3, 5, 75, NULL, 2, 19),
(147, 4, 92, 2, 5, 75, NULL, 3, 20),
(148, 4, 93, 2, 4, 60, NULL, 3, 21),
(149, 4, 94, 2, 8, 120, NULL, 3, 22),
(150, 4, 95, 1, 8, 240, NULL, 3, 23),
(151, 4, 96, 1, 6, 90, NULL, 3, 24),
(152, 4, 97, 3, 6, 90, NULL, 3, 25),
(153, 4, 98, 3, 4, 60, NULL, 3, 26),
(154, 4, 99, 3, 6, 90, NULL, 3, 27),
(155, 4, 100, 2, 4, 60, NULL, 4, 28),
(156, 4, 101, 2, 5, 75, NULL, 4, 29),
(157, 4, 102, 2, 4, 60, NULL, 4, 30),
(158, 4, 103, 2, 6, 90, NULL, 4, 31),
(159, 4, 104, 2, 6, 90, NULL, 4, 32),
(160, 4, 105, 3, 6, 90, NULL, 4, 33),
(161, 4, 106, 3, 8, 120, NULL, 4, 34),
(162, 4, 107, 3, 5, 75, NULL, 4, 35),
(163, 4, 108, 3, 6, 90, NULL, 4, 36),
(164, 4, 109, 2, 6, 90, NULL, 5, 37),
(165, 4, 110, 2, 6, 90, NULL, 5, 38),
(166, 4, 111, 2, 6, 90, NULL, 5, 39),
(167, 4, 112, 3, 6, 90, NULL, 5, 40),
(168, 4, 113, 3, 6, 90, NULL, 5, 41),
(169, 4, 35, 3, 0, 500, NULL, 5, 42),
(170, 5, 1, 2, 6, 90, NULL, 1, 111),
(171, 5, 114, 2, 5, 75, NULL, 1, 112),
(172, 5, 3, 2, 5, 75, NULL, 1, 113),
(173, 5, 115, 2, 4, 60, NULL, 1, 114),
(174, 5, 8, 3, 6, 90, NULL, 1, 121),
(175, 5, 116, 3, 5, 75, NULL, 1, 122),
(176, 5, 7, 3, 4, 60, NULL, 1, 123),
(177, 5, 47, 3, 5, 75, NULL, 1, 124),
(178, 5, 117, 3, 3, 45, NULL, 1, 125),
(179, 5, 50, 2, 4, 60, NULL, 2, 211),
(180, 5, 9, 2, 5, 75, NULL, 2, 212),
(181, 5, 46, 2, 8, 120, NULL, 2, 213),
(182, 5, 45, 2, 6, 90, NULL, 2, 214),
(183, 5, 118, 2, 3, 45, NULL, 2, 215),
(184, 5, 48, 3, 7, 105, NULL, 2, 221),
(185, 5, 17, 3, 5, 75, NULL, 2, 222),
(186, 5, 119, 3, 6, 90, NULL, 2, 223),
(187, 5, 120, 3, 4, 60, NULL, 2, 224),
(188, 5, 121, 3, 3, 45, NULL, 2, 225),
(189, 5, 13, 2, 6, 90, NULL, 3, 311),
(190, 5, 51, 2, 6, 90, NULL, 3, 312),
(191, 5, 122, 2, 6, 90, NULL, 3, 313),
(192, 5, 123, 2, 6, 90, NULL, 3, 314),
(193, 5, 124, 3, 5, 75, NULL, 3, 321),
(194, 5, 125, 3, 6, 90, NULL, 3, 322),
(195, 5, 126, 3, 6, 90, NULL, 3, 323),
(196, 5, 127, 3, 7, 105, NULL, 3, 324),
(197, 5, 128, 2, 6, 90, NULL, 4, 411),
(198, 5, 129, 2, 6, 90, NULL, 4, 412),
(199, 5, 130, 2, 6, 90, NULL, 4, 413),
(200, 5, 131, 2, 7, 105, NULL, 4, 414),
(201, 5, 132, 3, 6, 90, NULL, 4, 421),
(202, 5, 133, 3, 5, 75, NULL, 4, 422),
(203, 5, 134, 3, 5, 75, NULL, 4, 423),
(204, 5, 135, 3, 6, 90, NULL, 4, 424),
(205, 5, 136, 3, 4, 60, NULL, 4, 425),
(206, 5, 137, 2, 4, 60, NULL, 5, 511),
(207, 5, 138, 2, 5, 75, NULL, 5, 512),
(208, 5, 139, 2, 4, 60, NULL, 5, 513),
(209, 5, 140, 2, 5, 75, NULL, 5, 514),
(210, 5, 141, 2, 4, 60, NULL, 5, 515),
(211, 5, 42, 3, 3, 45, NULL, 5, 521),
(212, 5, 142, 3, 4, 60, NULL, 5, 522),
(213, 5, 143, 3, 12, 180, NULL, 5, 523),
(214, 5, 144, 3, 4, 60, NULL, 5, 524),
(215, 6, 58, 2, 6, 90, NULL, 1, 1),
(216, 6, 46, 2, 4, 60, NULL, 1, 2),
(217, 6, 82, 2, 4, 60, NULL, 1, 3),
(218, 6, 84, 1, 5, 150, NULL, 1, 4),
(219, 6, 45, 2, 6, 90, NULL, 1, 5),
(220, 6, 62, 3, 6, 90, NULL, 1, 6),
(221, 6, 48, 3, 4, 60, NULL, 1, 7),
(222, 6, 86, 3, 6, 90, NULL, 1, 8),
(223, 6, 87, 3, 6, 90, NULL, 1, 9),
(224, 6, 95, 1, 10, 300, NULL, 2, 10),
(225, 6, 89, 1, 3, 90, NULL, 2, 11),
(226, 6, 13, 2, 4, 60, NULL, 2, 12),
(227, 6, 96, 3, 4, 60, NULL, 2, 13),
(228, 6, 91, 3, 4, 60, NULL, 2, 14),
(229, 6, 93, 3, 5, 75, NULL, 2, 15),
(230, 6, 108, 2, 8, 120, NULL, 3, 16),
(231, 6, 90, 2, 4, 60, NULL, 3, 17),
(232, 6, 145, 2, 4, 60, NULL, 3, 18);

-- --------------------------------------------------------

--
-- Estructura de tabla para la tabla `correlativas`
--

DROP TABLE IF EXISTS `correlativas`;
CREATE TABLE IF NOT EXISTS `correlativas` (
  `id` int(11) NOT NULL AUTO_INCREMENT,
  `id_ciclo_materia` int(11) NOT NULL,
  `id_correlativa` int(11) NOT NULL,
  `id_correlativa_tipo` int(11) DEFAULT NULL,
  PRIMARY KEY (`id`),
  KEY `id_correlativa` (`id_correlativa`),
  KEY `id_ciclo` (`id_ciclo_materia`),
  KEY `id_correlativa_tipo` (`id_correlativa_tipo`)
) ENGINE=InnoDB DEFAULT CHARSET=latin1;

-- --------------------------------------------------------

--
-- Estructura de tabla para la tabla `correlativas_tipo`
--

DROP TABLE IF EXISTS `correlativas_tipo`;
CREATE TABLE IF NOT EXISTS `correlativas_tipo` (
  `id` int(11) NOT NULL AUTO_INCREMENT,
  `descripcion` varchar(50) DEFAULT NULL,
  PRIMARY KEY (`id`)
) ENGINE=InnoDB AUTO_INCREMENT=4 DEFAULT CHARSET=utf8 ROW_FORMAT=COMPRESSED;

--
-- Volcado de datos para la tabla `correlativas_tipo`
--

INSERT INTO `correlativas_tipo` (`id`, `descripcion`) VALUES
(1, 'Regularizada para cursar'),
(2, 'Aprobada para cursar'),
(3, 'Aprobada para rendir');

-- --------------------------------------------------------

--
-- Estructura de tabla para la tabla `cvar`
--

DROP TABLE IF EXISTS `cvar`;
CREATE TABLE IF NOT EXISTS `cvar` (
  `id` int(11) NOT NULL AUTO_INCREMENT,
  `id_docente` int(11) NOT NULL,
  `areas` varchar(500) DEFAULT NULL,
  `experticia` varchar(500) DEFAULT NULL,
  `grado` varchar(500) DEFAULT NULL,
  `especializacion` varchar(500) DEFAULT NULL,
  `maestria` varchar(500) DEFAULT NULL,
  `doctorado` varchar(500) DEFAULT NULL,
  PRIMARY KEY (`id`),
  KEY `id_docente` (`id_docente`)
) ENGINE=InnoDB DEFAULT CHARSET=latin1;

-- --------------------------------------------------------

--
-- Estructura de tabla para la tabla `docentes`
--

DROP TABLE IF EXISTS `docentes`;
CREATE TABLE IF NOT EXISTS `docentes` (
  `id` int(10) NOT NULL AUTO_INCREMENT,
  `persona_id` bigint(20) NOT NULL,
  `id_docente_categoria` int(11) DEFAULT NULL,
  `descripcion` blob,
  PRIMARY KEY (`id`),
  KEY `docente_categoria_idx` (`id_docente_categoria`),
  KEY `persona_id` (`persona_id`)
) ENGINE=InnoDB DEFAULT CHARSET=utf8 ROW_FORMAT=COMPRESSED;

-- --------------------------------------------------------

--
-- Estructura de tabla para la tabla `docente_categoria`
--

DROP TABLE IF EXISTS `docente_categoria`;
CREATE TABLE IF NOT EXISTS `docente_categoria` (
  `id` int(11) NOT NULL AUTO_INCREMENT,
  `nombre` varchar(30) DEFAULT NULL,
  PRIMARY KEY (`id`)
) ENGINE=InnoDB AUTO_INCREMENT=7 DEFAULT CHARSET=utf8 ROW_FORMAT=COMPRESSED;

--
-- Volcado de datos para la tabla `docente_categoria`
--

INSERT INTO `docente_categoria` (`id`, `nombre`) VALUES
(1, 'Profesor Titular'),
(2, 'Profesor Asociado'),
(3, 'Profesor Adjunto'),
(4, 'Jefe de Trabajos Prácticos'),
(5, 'Ayudante de Primera'),
(6, 'Profesor Adjunto Ad Honorem');

-- --------------------------------------------------------

--
-- Estructura de tabla para la tabla `escuela`
--

DROP TABLE IF EXISTS `escuela`;
CREATE TABLE IF NOT EXISTS `escuela` (
  `id` int(11) NOT NULL AUTO_INCREMENT,
  `nombre` varchar(60) NOT NULL,
  `universidad` varchar(60) NOT NULL,
  `director` varchar(80) NOT NULL,
  `color` char(7) NOT NULL,
  PRIMARY KEY (`id`)
) ENGINE=InnoDB AUTO_INCREMENT=2 DEFAULT CHARSET=latin1;

--
-- Volcado de datos para la tabla `escuela`
--

INSERT INTO `escuela` (`id`, `nombre`, `universidad`, `director`, `color`) VALUES
(1, 'Escuela de Ingenieria', 'UNdeC', 'Ing. Alberto Riba', '#0080ff');

-- --------------------------------------------------------

--
-- Estructura de tabla para la tabla `estudiantes`
--

DROP TABLE IF EXISTS `estudiantes`;
CREATE TABLE IF NOT EXISTS `estudiantes` (
  `id` int(11) NOT NULL AUTO_INCREMENT,
  `persona_id` bigint(20) NOT NULL,
  `legajo` varchar(50) NOT NULL,
  `plan_id` int(11) NOT NULL,
  PRIMARY KEY (`id`)
) ENGINE=InnoDB DEFAULT CHARSET=latin1;

-- --------------------------------------------------------

--
-- Estructura de tabla para la tabla `groups`
--

DROP TABLE IF EXISTS `groups`;
CREATE TABLE IF NOT EXISTS `groups` (
  `id` mediumint(8) UNSIGNED NOT NULL AUTO_INCREMENT,
  `name` varchar(20) NOT NULL,
  `description` varchar(100) NOT NULL,
  PRIMARY KEY (`id`)
) ENGINE=InnoDB AUTO_INCREMENT=3 DEFAULT CHARSET=utf8;

--
-- Volcado de datos para la tabla `groups`
--

INSERT INTO `groups` (`id`, `name`, `description`) VALUES
(1, 'admin', 'Administrator'),
(2, 'members', 'General User');

-- --------------------------------------------------------

--
-- Estructura de tabla para la tabla `login_attempts`
--

DROP TABLE IF EXISTS `login_attempts`;
CREATE TABLE IF NOT EXISTS `login_attempts` (
  `id` int(11) UNSIGNED NOT NULL AUTO_INCREMENT,
  `ip_address` varchar(45) NOT NULL,
  `login` varchar(100) NOT NULL,
  `time` int(11) UNSIGNED DEFAULT NULL,
  PRIMARY KEY (`id`)
) ENGINE=InnoDB DEFAULT CHARSET=utf8;

-- --------------------------------------------------------

--
-- Estructura de tabla para la tabla `materias`
--

DROP TABLE IF EXISTS `materias`;
CREATE TABLE IF NOT EXISTS `materias` (
  `id` int(11) NOT NULL AUTO_INCREMENT,
  `nombre` varchar(100) DEFAULT NULL,
  `id_tipo` int(11) NOT NULL,
  PRIMARY KEY (`id`),
  KEY `tipo_id` (`id_tipo`)
) ENGINE=InnoDB AUTO_INCREMENT=146 DEFAULT CHARSET=utf8 ROW_FORMAT=COMPRESSED;

--
-- Volcado de datos para la tabla `materias`
--

INSERT INTO `materias` (`id`, `nombre`, `id_tipo`) VALUES
(1, 'Análisis Matemático I', 1),
(2, 'Algoritmos y Estructura de Datos', 1),
(3, 'Algebra y Geometría Analítica', 1),
(4, 'Matemática Discreta', 1),
(5, 'Administración y Organización de Empresas', 1),
(6, 'Electrónica Digital', 1),
(7, 'Algebra Lineal', 1),
(8, 'Análisis Matemático II', 1),
(9, 'Programación I', 1),
(10, 'Sistemas I', 1),
(11, 'Arquitectura de Computadoras I', 1),
(12, 'Sistemas Operativos I', 1),
(13, 'Probabilidad y Estadística', 1),
(14, 'Sistemas Operativos II', 1),
(15, 'Arquitectura de Computadoras II', 1),
(16, 'Tecnologías de Comunicaciones', 1),
(17, 'Programación II', 1),
(18, 'Bases de Datos I', 1),
(19, 'Sistemas II', 1),
(20, 'Seminario I', 1),
(21, 'Ética Profesional', 1),
(22, 'Cálculo Numérico y Avanzado', 1),
(23, 'Economía', 1),
(24, 'Base de Datos II', 1),
(25, 'Programación III', 1),
(26, 'Teoría de la Computación', 1),
(27, 'Redes de Datos I', 1),
(28, 'Contabilidad y Costos', 1),
(29, 'Investigación Operativa', 1),
(30, 'Formulación y Evaluación de Proyectos', 1),
(31, 'Modelos y Simulación', 1),
(32, 'Planeamiento y Control de Gestión', 1),
(33, 'Seminario II', 1),
(34, 'Paradigmas de Programación', 1),
(35, 'Trabajo Final', 1),
(36, 'Legislación', 1),
(37, 'Inteligencia Artificial', 1),
(38, 'Administración de Proyectos Informáticos', 1),
(39, 'Ingeniería de Software', 1),
(40, 'Seminario III', 1),
(41, 'Auditoria de Sistemas', 1),
(42, 'Gestión de la Calidad', 1),
(43, 'Pericias Informáticas y de Comunicaciones', 1),
(44, 'Herramientas de Ingeniería de Software', 1),
(45, 'Sistema de Representación', 1),
(46, 'Física I', 1),
(47, 'Química General', 1),
(48, 'Física II', 1),
(49, 'Física III', 1),
(50, 'Análisis Matemático III', 1),
(51, 'Electrotecnia', 1),
(52, 'Arquitecturas Paralelas', 1),
(53, 'Teoría de Control', 1),
(54, 'Redes de Datos II', 1),
(55, 'Comunicaciones Inalámbricas', 1),
(56, 'Criptografía y Seguridad Informática', 1),
(57, 'Higiene y Seguridad en el Trabajo y el Medio Ambiente', 1),
(58, 'Matemática I', 1),
(59, 'Taller de Computación', 1),
(60, 'Inglés Técnico', 1),
(61, 'Estructura de Datos y Algoritmos I', 1),
(62, 'Matemática II', 1),
(63, 'Estructura de Datos y Algoritmos II', 1),
(64, 'Arquitectura de Computadores', 1),
(65, 'Lenguaje de Programación I', 1),
(66, 'Taller de Programación I', 1),
(67, 'Diseño Gráfico', 1),
(68, 'Sistemas Operativos', 1),
(69, 'Introducción al Diseño de Aplicaciones Web', 1),
(70, 'Lenguaje de Programación II', 1),
(71, 'Taller de Programación II', 1),
(72, 'Diseño de Aplicaciones Web I', 1),
(73, 'Taller de Programación III', 1),
(74, 'Seguridad en Aplicaciones Web', 1),
(75, 'Diseño de Aplicaciones Web II', 1),
(76, 'Taller de Programación IV', 1),
(77, 'Legislación y Ética Profesional', 1),
(78, 'Redes de Datos', 1),
(79, 'Taller de Diseño de Aplicaciones Web', 1),
(80, 'Geometría Analítica', 1),
(81, 'Algebra', 1),
(82, 'Fundamentos de Informática', 1),
(83, 'Química', 1),
(84, 'Trigonometría', 1),
(85, 'Introducción a la Agrimensura', 1),
(86, 'Informática', 1),
(87, 'Topografía I', 1),
(88, 'Cálculo Avanzado', 1),
(89, 'Dibujo Topográfico y Cartográfico', 1),
(90, 'Elementos de Edificios', 1),
(91, 'Geografía Física y Geomorfología', 1),
(92, 'Introducción al Derecho', 1),
(93, 'Cálculo de Compensación', 1),
(94, 'Fotogrametría y Fotointerpretación', 1),
(95, 'Topografía II', 1),
(96, 'Cartografía', 1),
(97, 'Teledetección Satelital', 1),
(98, 'Información Rural y Agrología', 1),
(99, 'Derechos Reales y Registral', 1),
(100, 'Economía y Gestión Empresarial', 1),
(101, 'Catastro Territorial', 1),
(102, 'Ordenamiento Territorial y Planeamiento', 1),
(103, 'Geodesia Física y Geométrica', 1),
(104, 'Astronomía Geodésica', 1),
(105, 'Agrimensura Legal', 1),
(106, 'Geodesia Espacial', 1),
(107, 'Valuaciones Inmobiliarias', 1),
(108, 'Mediciones para Obras de Ingeniería', 1),
(109, 'Sistema de Información Territorial', 1),
(110, 'Mensura', 1),
(111, 'Introducción a la Metodología de la Investigación Científica', 1),
(112, 'Electiva 1', 2),
(113, 'Electiva 2', 2),
(114, 'Algoritmos', 1),
(115, 'Introducción a la Ingeniería', 1),
(116, 'Estructura de Datos', 1),
(117, 'Economía y Sociedad', 1),
(118, 'Ética y Legislación', 1),
(119, 'Estática y Resistencia de Materiales', 1),
(120, 'Matemáticas Especiales', 1),
(121, 'Organización Industrial', 1),
(122, 'Termodinámica y Máquinas Térmicas', 1),
(123, 'Ciencia de los Materiales', 1),
(124, 'Cálculo Numérico', 1),
(125, 'Mediciones Mecánicas. Eléctricas y Electrónicas', 1),
(126, 'Máquinas Eléctricas Industriales', 1),
(127, 'Mecánica Racional', 1),
(128, 'Sistemas de Control', 1),
(129, 'Electrónica Básica y Digital', 1),
(130, 'Robótica Industrial I', 1),
(131, 'Mecanismos y Elementos de Máquinas', 1),
(132, 'Instalaciones Elétricas Industriales', 1),
(133, 'Automatización Industrial', 1),
(134, 'Computadores Digitales', 1),
(135, 'Tecnología Industrial', 1),
(136, 'Control de Accionamientos Mecatrónicos', 1),
(137, 'Diseño de Sistemas Mecatrónicos', 1),
(138, 'Redes de Comunicación Industriales', 1),
(139, 'Robótica Industrial II', 1),
(140, 'Tecnología de Control de Sistemas Mecatrónicos', 1),
(141, 'Optativa I', 2),
(142, 'Seguridad, Higiene y Medio Ambiente', 1),
(143, 'Proyecto de Ingeniería Mecatrónica', 1),
(144, 'Optativa II', 2),
(145, 'Sensores Remotos', 1);

-- --------------------------------------------------------

--
-- Estructura de tabla para la tabla `materias_tipo`
--

DROP TABLE IF EXISTS `materias_tipo`;
CREATE TABLE IF NOT EXISTS `materias_tipo` (
  `id` int(11) NOT NULL AUTO_INCREMENT,
  `nombre` varchar(80) NOT NULL,
  PRIMARY KEY (`id`)
) ENGINE=InnoDB AUTO_INCREMENT=4 DEFAULT CHARSET=latin1;

--
-- Volcado de datos para la tabla `materias_tipo`
--

INSERT INTO `materias_tipo` (`id`, `nombre`) VALUES
(1, 'Común'),
(2, 'Genérica'),
(3, 'Optativa');

-- --------------------------------------------------------

--
-- Estructura de tabla para la tabla `materia_docente`
--

DROP TABLE IF EXISTS `materia_docente`;
CREATE TABLE IF NOT EXISTS `materia_docente` (
  `id` int(11) NOT NULL AUTO_INCREMENT,
  `id_ciclo_materia` int(11) NOT NULL,
  `id_docente` int(11) NOT NULL,
  PRIMARY KEY (`id`),
  KEY `id_ciclo` (`id_ciclo_materia`,`id_docente`),
  KEY `cm_materia_docente` (`id_docente`)
) ENGINE=InnoDB DEFAULT CHARSET=latin1;

-- --------------------------------------------------------

--
-- Estructura de tabla para la tabla `operaciones`
--

DROP TABLE IF EXISTS `operaciones`;
CREATE TABLE IF NOT EXISTS `operaciones` (
  `id` int(11) NOT NULL AUTO_INCREMENT,
  `nombre` varchar(100) NOT NULL,
  `url` varchar(100) NOT NULL,
  `imagen` varchar(50) NOT NULL,
  PRIMARY KEY (`id`)
) ENGINE=InnoDB DEFAULT CHARSET=latin1;

-- --------------------------------------------------------

--
-- Estructura de tabla para la tabla `optativas`
--

DROP TABLE IF EXISTS `optativas`;
CREATE TABLE IF NOT EXISTS `optativas` (
  `id` int(11) NOT NULL AUTO_INCREMENT,
  `id_origen` int(11) NOT NULL,
  `id_optativa` int(11) NOT NULL,
  PRIMARY KEY (`id`),
  KEY `id_origen` (`id_origen`),
  KEY `id_origen_2` (`id_origen`),
  KEY `optativa_cm` (`id_optativa`)
) ENGINE=InnoDB DEFAULT CHARSET=latin1;

-- --------------------------------------------------------

--
-- Estructura de tabla para la tabla `orientaciones`
--

DROP TABLE IF EXISTS `orientaciones`;
CREATE TABLE IF NOT EXISTS `orientaciones` (
  `id` int(11) NOT NULL AUTO_INCREMENT,
  `id_plan` int(11) NOT NULL,
  `nombre` varchar(80) NOT NULL,
  PRIMARY KEY (`id`),
  KEY `id_plan` (`id_plan`)
) ENGINE=InnoDB DEFAULT CHARSET=latin1;

-- --------------------------------------------------------

--
-- Estructura de tabla para la tabla `persona`
--

DROP TABLE IF EXISTS `persona`;
CREATE TABLE IF NOT EXISTS `persona` (
  `id` bigint(20) NOT NULL AUTO_INCREMENT,
  `apellido` varchar(50) NOT NULL,
  `nombre` varchar(50) NOT NULL,
  `nombre_2` varchar(50) DEFAULT NULL,
  `dni` varchar(50) DEFAULT NULL,
  `cuit` varchar(50) DEFAULT NULL,
  `email1` varchar(50) DEFAULT NULL,
  `email2` varchar(50) DEFAULT NULL,
  PRIMARY KEY (`id`)
) ENGINE=InnoDB DEFAULT CHARSET=latin1;

-- --------------------------------------------------------

--
-- Estructura de tabla para la tabla `planes`
--

DROP TABLE IF EXISTS `planes`;
CREATE TABLE IF NOT EXISTS `planes` (
  `id` int(11) NOT NULL AUTO_INCREMENT,
  `id_carrera` int(11) NOT NULL,
  `nombre` varchar(80) NOT NULL,
  `duracion` int(11) NOT NULL,
  `vigente` tinyint(1) NOT NULL DEFAULT '0',
  PRIMARY KEY (`id`),
  KEY `id_carrera` (`id_carrera`)
) ENGINE=InnoDB AUTO_INCREMENT=7 DEFAULT CHARSET=latin1;

--
-- Volcado de datos para la tabla `planes`
--

INSERT INTO `planes` (`id`, `id_carrera`, `nombre`, `duracion`, `vigente`) VALUES
(1, 1, '07108', 5, 1),
(2, 2, '003-11', 5, 1),
(3, 3, '033-09', 3, 1),
(4, 5, '021-17', 5, 1),
(5, 4, '023-17', 5, 1),
(6, 6, '022-17', 3, 1);

-- --------------------------------------------------------

--
-- Estructura de tabla para la tabla `regimen`
--

DROP TABLE IF EXISTS `regimen`;
CREATE TABLE IF NOT EXISTS `regimen` (
  `id` int(11) NOT NULL AUTO_INCREMENT,
  `nombre` varchar(30) NOT NULL,
  PRIMARY KEY (`id`)
) ENGINE=InnoDB AUTO_INCREMENT=4 DEFAULT CHARSET=latin1;

--
-- Volcado de datos para la tabla `regimen`
--

INSERT INTO `regimen` (`id`, `nombre`) VALUES
(1, 'Anual'),
(2, 'Cuatrimestre 1'),
(3, 'Cuatrimestre 2');

-- --------------------------------------------------------

--
-- Estructura de tabla para la tabla `titulos`
--

DROP TABLE IF EXISTS `titulos`;
CREATE TABLE IF NOT EXISTS `titulos` (
  `id` int(11) NOT NULL AUTO_INCREMENT,
  `id_plan` int(11) NOT NULL,
  `nombre` varchar(100) NOT NULL,
  `id_orientacion` int(11) DEFAULT NULL,
  PRIMARY KEY (`id`),
  KEY `id_plan` (`id_plan`),
  KEY `id_orientacion` (`id_orientacion`)
) ENGINE=InnoDB AUTO_INCREMENT=7 DEFAULT CHARSET=latin1;

--
-- Volcado de datos para la tabla `titulos`
--

INSERT INTO `titulos` (`id`, `id_plan`, `nombre`, `id_orientacion`) VALUES
(1, 1, 'Licenciado en Sistemas', NULL),
(2, 2, 'Ingeniero en Sistemas', NULL),
(3, 3, 'Técnico Universitario en Desarrollo de Aplicaciones Web', NULL),
(4, 5, 'Ingeniero Mecatrónico', NULL),
(5, 4, 'Ingeniero Agrimensor', NULL),
(6, 6, 'Técnico Universitario en Topografía', NULL);

-- --------------------------------------------------------

--
-- Estructura de tabla para la tabla `users`
--

DROP TABLE IF EXISTS `users`;
CREATE TABLE IF NOT EXISTS `users` (
  `id` int(11) UNSIGNED NOT NULL AUTO_INCREMENT,
  `ip_address` varchar(45) NOT NULL,
  `username` varchar(100) DEFAULT NULL,
  `password` varchar(255) NOT NULL,
  `salt` varchar(255) DEFAULT NULL,
  `email` varchar(254) NOT NULL,
  `activation_code` varchar(40) DEFAULT NULL,
  `forgotten_password_code` varchar(40) DEFAULT NULL,
  `forgotten_password_time` int(11) UNSIGNED DEFAULT NULL,
  `remember_code` varchar(40) DEFAULT NULL,
  `created_on` int(11) UNSIGNED NOT NULL,
  `last_login` int(11) UNSIGNED DEFAULT NULL,
  `active` tinyint(1) UNSIGNED DEFAULT NULL,
  `first_name` varchar(50) DEFAULT NULL,
  `last_name` varchar(50) DEFAULT NULL,
  `company` varchar(100) DEFAULT NULL,
  `phone` varchar(20) DEFAULT NULL,
  PRIMARY KEY (`id`)
) ENGINE=InnoDB AUTO_INCREMENT=3 DEFAULT CHARSET=utf8;

--
-- Volcado de datos para la tabla `users`
--

INSERT INTO `users` (`id`, `ip_address`, `username`, `password`, `salt`, `email`, `activation_code`, `forgotten_password_code`, `forgotten_password_time`, `remember_code`, `created_on`, `last_login`, `active`, `first_name`, `last_name`, `company`, `phone`) VALUES
(1, '127.0.0.1', 'admin', '$2y$08$kOKjC2ZI.r9ZDap5y6VXzuOLTW01TWZI/mE5yD1VNWCEWaYidlBzq', '', 'admin@admin.com', NULL, NULL, NULL, NULL, 1268889823, 1561521393, 1, 'Sergio', 'Arevalo', 'ADMIN', '0'),
(2, '127.0.0.1', 'user', '$2y$08$4t0JshOQrSJwbqJbTLRineDCBESSAwNTkL4kRz9KzAq0RoyPXHF0i', NULL, 'user@user.com', NULL, 'dbh2E39uTZ5Ud9Tb.wO9ee37b9e7bb6f9ed71b6b', 1522911545, NULL, 1521634623, 1560525321, 1, 'user', 'user', 'UNdeC', '');

-- --------------------------------------------------------

--
-- Estructura de tabla para la tabla `users_groups`
--

DROP TABLE IF EXISTS `users_groups`;
CREATE TABLE IF NOT EXISTS `users_groups` (
  `id` int(11) UNSIGNED NOT NULL AUTO_INCREMENT,
  `user_id` int(11) UNSIGNED NOT NULL,
  `group_id` mediumint(8) UNSIGNED NOT NULL,
  PRIMARY KEY (`id`),
  UNIQUE KEY `uc_users_groups` (`user_id`,`group_id`),
  KEY `fk_users_groups_users1_idx` (`user_id`),
  KEY `fk_users_groups_groups1_idx` (`group_id`)
) ENGINE=InnoDB AUTO_INCREMENT=19 DEFAULT CHARSET=utf8;

--
-- Volcado de datos para la tabla `users_groups`
--

INSERT INTO `users_groups` (`id`, `user_id`, `group_id`) VALUES
(12, 1, 1),
(13, 1, 2),
(18, 2, 2);

--
-- Restricciones para tablas volcadas
--

--
-- Filtros para la tabla `ciclos`
--
ALTER TABLE `ciclos`
  ADD CONSTRAINT `ciclo_orientacion` FOREIGN KEY (`id_orientacion`) REFERENCES `orientaciones` (`id`),
  ADD CONSTRAINT `ciclo_plan` FOREIGN KEY (`id_plan`) REFERENCES `planes` (`id`);

--
-- Filtros para la tabla `cvar`
--
ALTER TABLE `cvar`
  ADD CONSTRAINT `cvar_docente` FOREIGN KEY (`id_docente`) REFERENCES `docentes` (`id`);

--
-- Filtros para la tabla `docentes`
--
ALTER TABLE `docentes`
  ADD CONSTRAINT `docente_categoria` FOREIGN KEY (`id_docente_categoria`) REFERENCES `docente_categoria` (`id`) ON DELETE CASCADE ON UPDATE CASCADE,
  ADD CONSTRAINT `persona_id_docente` FOREIGN KEY (`persona_id`) REFERENCES `persona` (`id`) ON DELETE CASCADE ON UPDATE CASCADE;

--
-- Filtros para la tabla `materias`
--
ALTER TABLE `materias`
  ADD CONSTRAINT `asignatura_tipo` FOREIGN KEY (`id_tipo`) REFERENCES `materias_tipo` (`id`);

--
-- Filtros para la tabla `materia_docente`
--
ALTER TABLE `materia_docente`
  ADD CONSTRAINT `cm_docente` FOREIGN KEY (`id_docente`) REFERENCES `docentes` (`id`),
  ADD CONSTRAINT `cm_materia_docente` FOREIGN KEY (`id_ciclo_materia`) REFERENCES `ciclo_materia` (`id`);

--
-- Filtros para la tabla `optativas`
--
ALTER TABLE `optativas`
  ADD CONSTRAINT `optativa_cm` FOREIGN KEY (`id_optativa`) REFERENCES `ciclo_materia` (`id`),
  ADD CONSTRAINT `origen_cm` FOREIGN KEY (`id_origen`) REFERENCES `ciclo_materia` (`id`);

--
-- Filtros para la tabla `titulos`
--
ALTER TABLE `titulos`
  ADD CONSTRAINT `titulo_orientacion` FOREIGN KEY (`id_orientacion`) REFERENCES `orientaciones` (`id`),
  ADD CONSTRAINT `titulo_plan` FOREIGN KEY (`id_plan`) REFERENCES `planes` (`id`);

--
-- Filtros para la tabla `users_groups`
--
ALTER TABLE `users_groups`
  ADD CONSTRAINT `fk_users_groups_groups1` FOREIGN KEY (`group_id`) REFERENCES `groups` (`id`) ON DELETE CASCADE ON UPDATE NO ACTION,
  ADD CONSTRAINT `fk_users_groups_users1` FOREIGN KEY (`user_id`) REFERENCES `users` (`id`) ON DELETE CASCADE ON UPDATE NO ACTION;
COMMIT;

/*!40101 SET CHARACTER_SET_CLIENT=@OLD_CHARACTER_SET_CLIENT */;
/*!40101 SET CHARACTER_SET_RESULTS=@OLD_CHARACTER_SET_RESULTS */;
/*!40101 SET COLLATION_CONNECTION=@OLD_COLLATION_CONNECTION */;
