-- phpMyAdmin SQL Dump
-- version 4.6.6deb5
-- https://www.phpmyadmin.net/
--
-- Servidor: localhost:3306
-- Tiempo de generación: 18-12-2018 a las 15:07:27
-- Versión del servidor: 5.7.24-0ubuntu0.18.04.1
-- Versión de PHP: 7.2.10-0ubuntu0.18.04.1

SET SQL_MODE = "NO_AUTO_VALUE_ON_ZERO";
SET time_zone = "+00:00";


/*!40101 SET @OLD_CHARACTER_SET_CLIENT=@@CHARACTER_SET_CLIENT */;
/*!40101 SET @OLD_CHARACTER_SET_RESULTS=@@CHARACTER_SET_RESULTS */;
/*!40101 SET @OLD_COLLATION_CONNECTION=@@COLLATION_CONNECTION */;
/*!40101 SET NAMES utf8mb4 */;

--
-- Base de datos: `etic`
--

-- --------------------------------------------------------

--
-- Estructura de tabla para la tabla `asignatura`
--

CREATE TABLE `asignatura` (
  `id` int(11) NOT NULL,
  `nombre` varchar(50) DEFAULT NULL
) ENGINE=InnoDB DEFAULT CHARSET=utf8 ROW_FORMAT=COMPRESSED;

--
-- Volcado de datos para la tabla `asignatura`
--

INSERT INTO `asignatura` (`id`, `nombre`) VALUES
(1, 'Análisis Matemático I'),
(2, 'Algoritmos y Estructura de Datos'),
(3, 'Sistema de Representación'),
(4, 'Algebra y Geometria Analítica'),
(5, 'Matemática Discreta'),
(6, 'Administración y Organización de Empresas'),
(7, 'Electrónica Digital'),
(8, 'Física I'),
(9, 'Algebra Lineal'),
(10, 'Química General'),
(11, 'Análisis Matemático II'),
(12, 'Programación I'),
(13, 'Sistemas I'),
(14, 'Física II'),
(15, 'Arquitectura de Computadoras I'),
(16, 'Sistemas Operativos I'),
(17, 'Física III'),
(18, 'Probabilidad y Estadística'),
(19, 'Sistemas Operativos II'),
(20, 'Arquitectura de Computadoras II'),
(21, 'Tecnologías de Comunicaciones'),
(22, 'Programación II'),
(23, 'Bases de Datos I'),
(24, 'Sistemas II'),
(25, 'Análisis Matemático III'),
(26, 'Electrotecnia'),
(27, 'Arquitecturas Paralelas'),
(28, 'Cálculo Numérico y Avanzado'),
(29, 'Teoría de Control'),
(30, 'Economía'),
(31, 'Bases de Datos II'),
(32, 'Programación III'),
(33, 'Teoría de la Computación'),
(34, 'Redes de Datos I'),
(35, 'Contabilidad y Costos'),
(36, 'Investigación Operativa'),
(37, 'Ética Profesional'),
(38, 'Formulación y Evaluación de Proyectos'),
(39, 'Paradigmas de Programación'),
(40, 'Redes de Datos II'),
(41, 'Modelos y Simulación'),
(42, 'Planeamiento y Control de Gestión'),
(43, 'Trabajo Final'),
(44, 'Legislación'),
(45, 'Inteligencia Artificial'),
(46, 'Administración de Proyectos Informáticos'),
(47, 'Ingeniería de Software'),
(48, 'Comunicaciones Inalámbricas'),
(49, 'Pericias Informáticas y de Comunicaciones'),
(50, 'Criptografía y Seguridad Informática'),
(51, 'Auditoria de Sistemas'),
(52, 'Higiene y Seguridad en el Trabajo y el Medio Ambie'),
(53, 'Gestión de la Calidad'),
(54, 'Taller de ingles informatico I'),
(55, 'Seminario I\r\n'),
(56, 'Seminario II\r\n'),
(57, 'Seminario III\r\n'),
(58, 'Herramientas de Ingeniería de Software\r\n'),
(59, 'Matemática I'),
(60, 'Matemática Discreta'),
(61, 'Estructura de Datos y Algoritmos I'),
(62, 'Taller de Computación'),
(63, 'Sistemas I'),
(64, 'Inglés Técnico'),
(65, 'Matemática II'),
(66, 'Estructura de Datos y Algoritmos II'),
(67, 'Arquitectura de Computadores'),
(68, 'Lenguaje de Programación I'),
(69, 'Taller de Programación I'),
(70, 'Diseño Gráfico'),
(71, 'Sistemas Operativos'),
(72, 'Bases de Datos I'),
(73, 'Introducción al Diseño de Aplicaciones Web'),
(74, 'Lenguajes de Programación II'),
(75, 'Taller de Programación II'),
(76, 'Sistemas II'),
(77, 'Bases de Datos II'),
(78, 'Probabilidad y Estadística'),
(79, 'Diseño de Aplicaciones Web I'),
(80, 'Taller de Programación III'),
(81, 'Tecnologías de Comunicaciones'),
(82, 'Seguridad en Aplicaciones Web'),
(83, 'Diseño de Aplicaciones Web II'),
(84, 'Taller de Programación IV'),
(85, 'Legislación y Ética Profesional'),
(86, 'Redes de Datos'),
(87, 'Taller de Diseño de Aplicaciones Web'),
(88, 'Trabajo Final'),
(89, 'Análisis Matemático I'),
(90, 'Algoritmos'),
(91, 'Álgebra y Geometría Analítica'),
(92, 'Introducción a la Ingeniería'),
(93, 'Análisis Matemático II'),
(94, 'Estructuras de Datos'),
(95, 'Álgebra Lineal'),
(96, 'Química General'),
(97, 'Economía y Sociedad'),
(98, 'Análisis Matemático III'),
(99, 'Programación I'),
(100, 'Física I'),
(101, 'Sistemas de Representación'),
(102, 'Ética y Legislación'),
(103, 'Física II'),
(104, 'Programación II'),
(105, 'Estática y Resistencia de Materiales'),
(106, 'Matemáticas Especiales'),
(107, 'Organización Industrial'),
(108, 'Probabilidad y Estadística'),
(109, 'Electrotecnia'),
(110, 'Termodinámica y Máquinas Térmicas'),
(111, 'Ciencia de los Materiales'),
(112, 'Cálculo Numérico'),
(113, 'Mediciones Mecánicas, Eléctricas y Electrónicas'),
(114, 'Máquinas Eléctricas Industriales'),
(115, 'Mecánica Racional'),
(116, 'Sistemas de Control'),
(117, 'Electrónica Básica y Digital'),
(118, 'Robótica Industrial l'),
(119, 'Mecanismos y Elementos de Máquinas'),
(120, 'Instalaciones Eléctricas Industriales'),
(121, 'Automatización Industrial'),
(122, 'Computadores Digitales'),
(123, 'Tecnología Industrial'),
(124, 'Control de Accionamientos Mecatrónicos'),
(125, 'Diseño de Sistemas Mecatrónicos'),
(126, 'Redes de Comunicación Industriales'),
(127, 'Robótica Industrial II'),
(128, 'Tecnología de Control de Sistemas Mecatrónicos'),
(129, 'Optativa I'),
(130, 'Gestión de la Calidad'),
(131, 'Seguridad, Higiene y Medio Ambiente'),
(132, 'Proyecto de Ingeniería Mecatrónica'),
(133, 'Optativa II');

-- --------------------------------------------------------

--
-- Estructura de tabla para la tabla `carrera`
--

CREATE TABLE `carrera` (
  `id` int(11) NOT NULL,
  `plan` varchar(20) DEFAULT NULL,
  `nombre` varchar(80) DEFAULT NULL,
  `presentacion` blob,
  `perfil` blob,
  `plan_pdf` varchar(50) DEFAULT NULL,
  `imagen` varchar(100) NOT NULL,
  `activo` tinyint(1) NOT NULL DEFAULT '1'
) ENGINE=InnoDB DEFAULT CHARSET=utf8 ROW_FORMAT=COMPRESSED;

--
-- Volcado de datos para la tabla `carrera`
--

INSERT INTO `carrera` (`id`, `plan`, `nombre`, `presentacion`, `perfil`, `plan_pdf`, `imagen`, `activo`) VALUES
(1, '072/08', 'Ingeniería en Sistemas', 0x3c6872202f3e0d0a3c703e0d0a093c69207374796c653d22746578742d616c69676e3a206a7573746966793b223e4c61206361727265726120646520496e67656e696572266961637574653b6120656e2053697374656d61732071756520736520646963746120656e206c6120556e697665727369646164204e6163696f6e616c206465204368696c656369746f20667565206170726f6261646120706f72204f7264656e616e7a61204e266465673b20313733202832302064652064696369656d6272652064652032303031292e20446573646520657361206f706f7274756e69646164206861737461206c612066656368612c206c6173206369656e6369617320696e666f726d266161637574653b74696361732079206c6173206469736369706c696e61732076696e63756c61646173206120656c6c6120636f6d6f20736f6e2c20706f7220656a656d706c6f2c206c617320636f6d756e69636163696f6e6573206f206c612074656c65696e666f726d266161637574653b746963612068616e207375667269646f20696d706f7274616e7465732063616d62696f73207465636e6f6c266f61637574653b6769636f732071756520616d65726974616e20756e612061637475616c697a616369266f61637574653b6e206465206c6f7320706c616e6573206465206573747564696f20766967656e7465732c20646520666f726d6120646520706f646572206f6672656365726c65732061206c6f7320616c756d6e6f7320756e612063757272266961637574653b63756c61206d266161637574653b732061636f72646520636f6e206c6f73207469656d706f732061637475616c65732e3c2f693e3c2f703e0d0a3c70207374796c653d22746578742d616c69676e3a206a7573746966793b223e0d0a09266e6273703b3c2f703e0d0a3c70207374796c653d22746578742d616c69676e3a206a7573746966793b223e0d0a09456c20506c616e2064652043617272657261207469656e6520656e206375656e7461206c61732065786967656e63696173207175652073652065737461626c6563656e207061726120746f646173206c617320636172726572617320646520696e67656e696572266961637574653b6120656e206375616e746f2061206c612063616e746964616420746f74616c20646520686f726173206d266961637574653b6e696d61732071756520736520646562656e206375727361722079206c61207265616c697a616369266f61637574653b6e206465206c612064656e6f6d696e616461205072266161637574653b63746963612050726f666573696f6e616c20537570657276697361646120266e646173683b205050532e20506f72206f74726120706172746520736520686120636f6e736964657261646f206d757920657370656369616c6d656e7465206c612064697374726962756369266f61637574653b6e20646520686f726173207465266f61637574653b72696361732079207072266161637574653b6374696361732c206c612063617061636974616369266f61637574653b6e206369656e74266961637574653b666963612079207065646167266f61637574653b676963612064656c20706c616e74656c20646f63656e74652c2079206c6f73206e6976656c65732064652065786967656e6369617320717565207065726d6974616e206c612061646563756164612070726f6d6f6369266f61637574653b6e206465206d617465726961732c2079206c6120617369676e616369266f61637574653b6e20646520686f72617320646520666f726d6120717565206c6f7320636f6e74656e69646f73206d266961637574653b6e696d6f73206465206c6173206d69736d61732070756564616e20736572206469637461646f7320656e20666f726d61206566656374697661207920636f6d706c6574612e205365206d616e7469656e656e206c6f7320636f6e636570746f732062266161637574653b7369636f732062616a6f206c6f73206375616c65732065737461206361727265726120667565206372656164612c20666f726d617220756e2070726f666573696f6e616c207465636e6f6c266f61637574653b6769636f206361706163697461646f2070617261206465736172726f6c6c61722073697374656d617320646520696e67656e696572266961637574653b612079207465636e6f6c6f67266961637574653b61206166696e65732061206c6f73206578697374656e74657320792070726f647563697220696e6e6f766163696f6e65733b20636170617a20646520616e616c697a61722079206576616c75617220726571756572696d69656e746f732064652070726f636573616d69656e746f7320646520696e666f726d616369266f61637574653b6e2c207920736f6272652065736120626173652c206465736172726f6c6c61722c2064697365266e74696c64653b61722c206f7267616e697a61722c20696d706c656d656e746172207920636f6e74726f6c61722073697374656d617320696e666f726d266161637574653b7469636f732c20616c20736572766963696f206465206d267561637574653b6c7469706c6573206e6563657369646164657320646520696e666f726d616369266f61637574653b6e2c206465206c6173206f7267616e697a6163696f6e6573207920646520746f646173206c61732070726f666573696f6e657320636f6e206c617320717565206465626572266161637574653b20696e74657261637475617220636f6e20766572736174696c69646164207920766f63616369266f61637574653b6e20646520736572766963696f20696e7465726469736369706c696e6172696f2e204164656d266161637574653b732c207175652072656369626120756e6120666f726d616369266f61637574653b6e20696e74656772616c20656e206d617465726961732074266561637574653b636e6963617320792068756d616e266961637574653b73746963617320717565206c6f20686162696c697465207061726120726573706f6e6465722061206c61732064656d616e64617320646520756e6120736f636965646164207175652065786967652064656c206d69736d6f20756e206d61726361646f20636f6d70726f6d69736f20636f6e206c612070726573657276616369266f61637574653b6e2064656c206d6564696f20616d6269656e74653b20656c206d656a6f72616d69656e746f206465206c612063616c69646164206465207669646120656e2067656e6572616c207920756e61206772616e20726573706f6e736162696c6964616420736f6369616c20656e20656c2071756568616365722070726f666573696f6e616c2e3c2f703e0d0a3c703e0d0a093c623e4f626a657469766f733c2f623e3c2f703e0d0a3c70207374796c653d22746578742d616c69676e3a206a7573746966793b223e0d0a094c61204361727265726120646520496e67656e696572266961637574653b6120656e2053697374656d6173207469656e6520636f6d6f2066696e20666f726d617220756e20496e67656e6965726f207465636e6f6c266f61637574653b6769636f206361706163697461646f2070617261206465736172726f6c6c61722073697374656d617320646520696e67656e696572266961637574653b612079207465636e6f6c6f67266961637574653b61206166696e65732061206c6f73206578697374656e74657320792070726f647563697220696e6e6f766163696f6e65732e2053652070726f706f6e6520666f726d617220756e2070726f666573696f6e616c20636170617a20646520616e616c697a61722079206576616c75617220726571756572696d69656e746f732064652070726f636573616d69656e746f7320646520696e666f726d616369266f61637574653b6e2c207920736f6272652065736120626173652c206465736172726f6c6c61722c2064697365266e74696c64653b61722c206f7267616e697a61722c20696d706c656d656e746172207920636f6e74726f6c61722073697374656d617320696e666f726d266161637574653b7469636f732c20616c20736572766963696f206465206d267561637574653b6c7469706c6573206e6563657369646164657320646520696e666f726d616369266f61637574653b6e2c206465206c6173206f7267616e697a6163696f6e6573207920646520746f646173206c61732070726f666573696f6e657320636f6e206c617320717565206465626572266161637574653b20696e74657261637475617220636f6e20766572736174696c69646164207920766f63616369266f61637574653b6e20646520736572766963696f20696e7465726469736369706c696e6172696f2e204c6120707265706172616369266f61637574653b6e20696e74656772616c20726563696269646120656e206d617465726961732074266561637574653b636e6963617320792068756d616e266961637574653b737469636173206c6f20686162696c697461207061726120726573706f6e6465722061206c61732064656d616e64617320646520756e6120736f6369656461642071756520657869676520646520756e20496e67656e6965726f20756e206d61726361646f20636f6d70726f6d69736f20636f6e206c612070726573657276616369266f61637574653b6e2064656c206d6564696f20616d6269656e74652c20656c206d656a6f72616d69656e746f206465206c612063616c69646164206465207669646120656e2067656e6572616c207920756e61206772616e20726573706f6e736162696c6964616420736f6369616c20656e20656c2071756568616365722070726f666573696f6e616c2e3c2f703e0d0a, 0x3c6872202f3e0d0a3c703e0d0a093c7374726f6e673e54266961637574653b74756c6f3a20496e67656e6965726f20656e2053697374656d61733c2f7374726f6e673e3c2f703e0d0a3c703e0d0a09536520617370697261206120666f726d61722070726f666573696f6e616c6573207175652c20656772657361646f73206465206c6120554e6465432c206465626572266161637574653b6e20657374617220656e20636f6e646963696f6e65732064653a3c2f703e0d0a3c6f6c3e0d0a093c6c69207374796c653d22746578742d616c69676e3a206a7573746966793b223e0d0a09095265616c697a6172206573747564696f73207920616e266161637574653b6c6973697320646520666163746962696c696461642c20706c616e6966696361722c20646972696769722c207265616c697a617220792f6f206576616c7561722070726f796563746f732064652072656c6576616d69656e746f2c20616e266161637574653b6c697369732c20657370656369666963616369266f61637574653b6e2c2064697365266e74696c64653b6f2c206465736172726f6c6c6f2c20696d706c656d656e74616369266f61637574653b6e2c2056657269666963616369266f61637574653b6e2c2076616c6964616369266f61637574653b6e2c2070756573746120612070756e746f2c206d616e74656e696d69656e746f20792061637475616c697a616369266f61637574653b6e2c207061726120746f646f207469706f20646520706572736f6e61732066266961637574653b7369636173206f206a7572266961637574653b64696361732c2064653a2053697374656d617320646520496e666f726d616369266f61637574653b6e2e20536f6674776172652076696e63756c61646f20696e646972656374616d656e746520616c20686172647761726520792061206c6f732073697374656d617320646520636f6d756e6963616369266f61637574653b6e206465206461746f732e204f7267616e697a616369266f61637574653b6e2c2064697365266e74696c64653b6f20792066756e63696f6e616d69656e746f2064652043656e74726f732064652050726f636573616d69656e746f206465204461746f732e2044697365266e74696c64653b6f2064652061706c69636163696f6e6573206772266161637574653b666963617320636f6e206d6564696f7320696e666f726d266161637574653b7469636f732e3c2f6c693e0d0a093c6c69207374796c653d22746578742d616c69676e3a206a7573746966793b223e0d0a090944657465726d696e61722c2061706c69636172207920636f6e74726f6c6172206573747261746567696173207920706f6c266961637574653b7469636173206465206465736172726f6c6c6f2064652053697374656d617320646520496e666f726d616369266f61637574653b6e207920646520536f6674776172652e3c2f6c693e0d0a093c6c69207374796c653d22746578742d616c69676e3a206a7573746966793b223e0d0a09094576616c75617220792073656c656363696f6e6172206c6f73206c656e6775616a657320646520657370656369666963616369266f61637574653b6e2c2068657272616d69656e7461732064652064697365266e74696c64653b6f2c2070726f6365736f73206465206465736172726f6c6c6f2c206c656e6775616a65732064652070726f6772616d616369266f61637574653b6e2079206172717569746563747572617320646520736f6674776172652072656c6163696f6e61646f7320636f6e20656c2070756e746f20312e3c2f6c693e0d0a093c6c69207374796c653d22746578742d616c69676e3a206a7573746966793b223e0d0a09094576616c75617220792073656c656363696f6e6172206c61732061727175697465637475726173207465636e6f6c266f61637574653b67696361732064652070726f636573616d69656e746f2c2073697374656d617320646520636f6d756e6963616369266f61637574653b6e206465206461746f732c2074656c65636f6d756e69636163696f6e6573207920736f66747761726520646520626173652070617261207375207574696c697a616369266f61637574653b6e20656e206c6f732073697374656d617320646520696e666f726d616369266f61637574653b6e2e3c2f6c693e0d0a093c6c69207374796c653d22746578742d616c69676e3a206a7573746966793b223e0d0a090944697365266e74696c64653b6172206d65746f646f6c6f67266961637574653b61732079207465636e6f6c6f67266961637574653b61732070617261206465736172726f6c6c6f20646520736f6674776172652079206c6f732073697374656d617320646520696e666f726d616369266f61637574653b6e2076696e63756c61646f7320616c2070756e746f20312e3c2f6c693e0d0a093c6c69207374796c653d22746578742d616c69676e3a206a7573746966793b223e0d0a09094f7267616e697a61722079206469726967697220656c20266161637574653b7265612064652073697374656d617320646520746f646f207469706f20646520706572736f6e61732066266961637574653b7369636173206f206a7572266961637574653b64696361732c2064657465726d696e617220656c2070657266696c206465206c6f73207265637572736f732068756d616e6f73206e656365736172696f73207920636f6e7472696275697220612073752073656c65636369266f61637574653b6e207920666f726d616369266f61637574653b6e2e3c2f6c693e0d0a093c6c69207374796c653d22746578742d616c69676e3a206a7573746966793b223e0d0a0909506c616e6966696361722c2064697365266e74696c64653b61722c20646972696769722079207265616c697a6172206c612063617061636974616369266f61637574653b6e206465207573756172696f7320656e206c61207574696c697a616369266f61637574653b6e2064656c20736f66747761726520792073697374656d617320646520696e666f726d616369266f61637574653b6e2076696e63756c61646f7320616c2070756e746f20312e3c2f6c693e0d0a093c6c69207374796c653d22746578742d616c69676e3a206a7573746966793b223e0d0a090944657465726d696e6172207920636f6e74726f6c617220656c2063756d706c696d69656e746f206465207061757461732074266561637574653b636e696361732c206e6f726d617320792070726f636564696d69656e746f73207175652072696a616e20656c2066756e63696f6e616d69656e746f2079206c61207574696c697a616369266f61637574653b6e2064656c20736f66747761726520792073697374656d617320646520696e666f726d616369266f61637574653b6e2076696e63756c61646f7320616c2070756e746f20312e3c2f6c693e0d0a093c6c69207374796c653d22746578742d616c69676e3a206a7573746966793b223e0d0a0909456c61626f7261722c2064697365266e74696c64653b61722c20696d706c656d656e74617220792f6f206576616c756172206d266561637574653b746f646f732079206e6f726d617320612073656775697220656e206375657374696f6e657320646520736567757269646164206465206c6120696e666f726d616369266f61637574653b6e2079206c6f73206461746f732070726f63657361646f732c2067656e657261646f7320792f6f207472616e736d697469646f7320706f7220656c20736f6674776172652e3c2f6c693e0d0a093c6c69207374796c653d22746578742d616c69676e3a206a7573746966793b223e0d0a0909456c61626f7261722c2064697365266e74696c64653b61722c20696d706c656d656e74617220792f6f206576616c756172206d266561637574653b746f646f7320792070726f636564696d69656e746f732064652061756469746f72266961637574653b612c20617365677572616d69656e746f206465206c612063616c696461642c20736567757269646164207920666f72656e7369612064656c20736f66747761726520792073697374656d617320646520696e666f726d616369266f61637574653b6e2076696e63756c61646f7320616c2070756e746f20312e3c2f6c693e0d0a093c6c69207374796c653d22746578742d616c69676e3a206a7573746966793b223e0d0a09095265616c697a617220617262697472616a65732c207065726974616a65732079207461736163696f6e6573207265666572696461732061206c617320266161637574653b72656173206573706563266961637574653b66696361732064652073752061706c6963616369266f61637574653b6e207920656e74656e64696d69656e746f2e3c2f6c693e0d0a093c6c69207374796c653d22746578742d616c69676e3a206a7573746966793b223e0d0a09095061727469636970617220656e2065717569706f7320646520616e266161637574653b6c6973697320696e7465726469736369706c696e6172696f732070617261206c6120636f6d7072656e7369266f61637574653b6e206465206c612070726f626c656d266161637574653b746963612072656c6163696f6e61646120636f6e206c6120266561637574653b746963612070726f666573696f6e616c2064656c20696e67656e6965726f2079206c612070726f626c656d266161637574653b74696361206465206c6f73206465726563686f732068756d616e6f732e3c2f6c693e0d0a3c2f6f6c3e0d0a, 'planIS.pdf', 'e884a-ingenieria.jpg', 1),
(2, '071/08', 'Licenciatura en Sistemas', 0x3c6872202f3e0d0a3c703e0d0a093c7370616e207374796c653d22746578742d616c69676e3a206a7573746966793b223e4c612063617272657261206465203c2f7370616e3e3c7374726f6e67207374796c653d22746578742d616c69676e3a206a7573746966793b223e4c6963656e6369617475726120656e2053697374656d61733c2f7374726f6e673e3c7370616e207374796c653d22746578742d616c69676e3a206a7573746966793b223e207469656e6520636f6d6f2066696e20666f726d61722070726f666573696f6e616c657320636f6e20756e2070657266696c2071756520726573706f6e64612061206c61732065786967656e636961732064656c206d65726361646f2079206465206c617320656d7072657361732c207175652c20636f6e74696e75616d656e74652c2061637475616c697a616e20737573207265637572736f73207465636e6f6c266f61637574653b6769636f7320792070726f6365736f732064652061646d696e69737472616369266f61637574653b6e2079206765737469266f61637574653b6e20696e666f726d266161637574653b746963612e20506f722074616c206d6f7469766f20656c20706c616e206675652064697365266e74696c64653b61646f2070617261206272696e64617220756e612073266f61637574653b6c69646120666f726d616369266f61637574653b6e2062266161637574653b7369636120656e20266161637574653b72656173206573706563266961637574653b666963617320636f6d6f206765737469266f61637574653b6e206520696e67656e696572266961637574653b6120646520736f6674776172652c2070726f6772616d616369266f61637574653b6e2c2064697365266e74696c64653b6f207920616e266161637574653b6c697369732064652073697374656d61732c207265646573207920617369676e61747572617320717565207065726d6974656e206c6120616471756973696369266f61637574653b6e20646520756e6120666f726d616369266f61637574653b6e20636f6e74696e75616d656e74652061637475616c697a6164612071756520666163696c697461206c6120696e7365726369266f61637574653b6e206c61626f72616c20656e20666f726d6120696e6d6564696174612e204c6120707265706172616369266f61637574653b6e20696e74656772616c20726563696269646120656e206d617465726961732074266561637574653b636e6963617320792068756d616e266961637574653b737469636173206c6f20686162696c697461207061726120726573706f6e6465722061206c61732064656d616e64617320646520756e6120736f6369656461642071756520657869676520646520756e2070726f666573696f6e616c20636f6e20756e206d61726361646f20636f6d70726f6d69736f20636f6e206c612070726573657276616369266f61637574653b6e2064656c206d6564696f20616d6269656e74652c20656c206d656a6f72616d69656e746f206465206c612063616c69646164206465207669646120656e2067656e6572616c207920756e61206772616e20726573706f6e736162696c6964616420736f6369616c20656e20656c2071756568616365722070726f666573696f6e616c2e3c2f7370616e3e3c2f703e0d0a, 0x3c6872202f3e0d0a3c70207374796c653d22746578742d616c69676e3a206a7573746966793b223e0d0a093c7370616e207374796c653d22746578742d616c69676e3a206a7573746966793b223e536520617370697261206120666f726d61722070726f666573696f6e616c657320636f6e207369676e69666963617469766f732066756e64616d656e746f73207465266f61637574653b7269636f7320646520496e666f726d266161637574653b74696361207920636f6e6f63696d69656e746f2061637475616c697a61646f206465206c6173207465636e6f6c6f67266961637574653b61732c206465206d6f646f206465206f7269656e746172736520657370656369616c6d656e746520616c206d65726361646f2070726f666573696f6e616c2076696e63756c61646f20636f6e206c6f732053697374656d617320496e666f726d266161637574653b7469636f732c20656e20706172746963756c6172206c6f73206173706563746f732070726f70696f732064656c206d616e656a6f20646520736f6674776172652079206461746f732064656e74726f20646520756e61206f7267616e697a616369266f61637574653b6e2e20456c20677261647561646f206573746172266161637574653b20656e20636f6e646963696f6e6573206465207061727469636970617220656e20616374697669646164657320646520496e766573746967616369266f61637574653b6e2c204465736172726f6c6c6f2079205472616e73666572656e6369612064656e74726f206465206c61206469736369706c696e612e204173696d69736d6f206c6f7320656772657361646f7320646520554e6465432c206573746172266161637574653b6e20656e20636f6e646963696f6e65732064653a3c2f7370616e3e3c2f703e0d0a3c6f6c3e0d0a093c6c69207374796c653d22746578742d616c69676e3a206a7573746966793b223e0d0a0909506c616e6966696361722c20646972696769722c207265616c697a617220792f6f206576616c7561722070726f796563746f732064652072656c6576616d69656e746f2064652070726f626c656d61732064656c206d756e646f207265616c2c20657370656369666963616369266f61637574653b6e20666f726d616c206465206c6f73206d69736d6f732c2064697365266e74696c64653b6f2c20696d706c656d656e74616369266f61637574653b6e2c207072756562612c2076657269666963616369266f61637574653b6e2c2076616c6964616369266f61637574653b6e2c206d616e74656e696d69656e746f207920636f6e74726f6c2064652063616c696461642064652073697374656d617320646520736f6674776172652071756520736520656a65637574656e20736f6272652073697374656d61732064652070726f636573616d69656e746f206465206461746f732e3c2f6c693e0d0a093c6c69207374796c653d22746578742d616c69676e3a206a7573746966793b223e0d0a09094f7267616e697a61722c2064697269676972207920636f6e74726f6c6172206c617320266161637574653b7265617320696e666f726d266161637574653b7469636173206465206c6173206f7267616e697a6163696f6e65732c2073656c656363696f6e616e646f20792063617061636974616e646f20616c20706572736f6e616c2074266561637574653b636e69636f206465206c6f73206d69736d6f732e3c2f6c693e0d0a093c6c69207374796c653d22746578742d616c69676e3a206a7573746966793b223e0d0a09094469726967697220656c2072656c6576616d69656e746f207920616e266161637574653b6c69736973206465206c6f732070726f6365736f732066756e63696f6e616c657320646520756e61204f7267616e697a616369266f61637574653b6e2c20636f6e206c612066696e616c6964616420646520646972696769722070726f796563746f732064652064697365266e74696c64653b6f2064652053697374656d617320646520496e666f726d616369266f61637574653b6e2061736f636961646f732c206173266961637574653b20636f6d6f206c6f732053697374656d617320646520536f6674776172652071756520686167616e20612073752066756e63696f6e616d69656e746f2e2044657465726d696e61722c20726567756c617220792061646d696e697374726172206c617320706175746173206f7065726174697661732079207265676c617320646520636f6e74726f6c2071756520686163656e20616c2066756e63696f6e616d69656e746f206465206c617320266161637574653b7265617320696e666f726d266161637574653b7469636173206465206c617320656d7072657361732079206f7267616e697a6163696f6e65732e3c2f6c693e0d0a093c6c69207374796c653d22746578742d616c69676e3a206a7573746966793b223e0d0a0909456e74656e6465722c20706c616e69666963617220792f6f2070617274696369706172206465206c6f73206573747564696f732074266561637574653b636e69636f732d65636f6e266f61637574653b6d69636f7320646520666163746962696c6964616420792f6f207265666572656e7465732061206c6120636f6e6669677572616369266f61637574653b6e20792064696d656e73696f6e616d69656e746f2064652073697374656d61732064652070726f636573616d69656e746f20646520696e666f726d616369266f61637574653b6e2e2053757065727669736172206c6120696d706c616e74616369266f61637574653b6e206465206c6f732073697374656d617320646520696e666f726d616369266f61637574653b6e2079206f7267616e697a617220792063617061636974617220616c20706572736f6e616c20616665637461646f20706f7220646963686f732073697374656d61732e3c2f6c693e0d0a093c6c69207374796c653d22746578742d616c69676e3a206a7573746966793b223e0d0a090945737461626c65636572206d266561637574653b7472696361732079206e6f726d61732064652063616c6964616420792073656775726964616420646520736f6674776172652c20636f6e74726f6c616e646f206c6173206d69736d617320612066696e2064652074656e657220756e2070726f647563746f20696e647573747269616c207175652072657370657465206c6173206e6f726d6173206e6163696f6e616c6573206520696e7465726e6163696f6e616c65732e3c2f6c693e0d0a093c6c69207374796c653d22746578742d616c69676e3a206a7573746966793b223e0d0a0909436f6e74726f6c206465206c6120657370656369666963616369266f61637574653b6e20666f726d616c2064656c2070726f647563746f2c2064656c2070726f6365736f2064652064697365266e74696c64653b6f2c206465736172726f6c6c6f2c20696d706c656d656e74616369266f61637574653b6e2079206d616e74656e696d69656e746f2e2045737461626c6563696d69656e746f206465206d266561637574653b7472696361732064652076616c6964616369266f61637574653b6e2079206365727469666963616369266f61637574653b6e2064652063616c696461642e3c2f6c693e0d0a093c6c69207374796c653d22746578742d616c69676e3a206a7573746966793b223e0d0a0909506c616e6966696361722c20646972696769722c207265616c697a617220792f6f206576616c756172206c6f732073697374656d61732064652073656775726964616420656e20656c20616c6d6163656e616d69656e746f20792070726f636573616d69656e746f206465206c6120696e666f726d616369266f61637574653b6e2e2045737461626c65636572207920636f6e74726f6c6172206c6173206d65746f646f6c6f67266961637574653b61732064652070726f636573616d69656e746f206465206461746f73206f7269656e74616461732061207365677572696461642c20696e636c7579656e646f20646174612d77617265686f7573696e672e3c2f6c693e0d0a093c6c69207374796c653d22746578742d616c69676e3a206a7573746966793b223e0d0a09094566656374756172206c6173207461726561732064652041756469746f72266961637574653b61206465206c6f732053697374656d617320496e666f726d266161637574653b7469636f732e205061727469636970617220646520617262697472616a65732c2070657269636961732079207461736163696f6e65732072656c6163696f6e61646f7320636f6e206c6f732053697374656d617320496e666f726d266161637574653b7469636f732e20392e20506c616e6966696361722c20646972696769722c207265616c697a617220792f6f206576616c7561722070726f796563746f732064652073697374656d61732064652061646d696e69737472616369266f61637574653b6e206465207265637572736f732e2044697365266e74696c64653b6f2c20696d706c656d656e74616369266f61637574653b6e2c207072756562612c2076657269666963616369266f61637574653b6e2c2076616c6964616369266f61637574653b6e2c206d616e74656e696d69656e746f207920636f6e74726f6c206465206566696369656e6369612f2063616c69646164206465206c6f732073697374656d61732064652061646d696e69737472616369266f61637574653b6e206465207265637572736f732071756520736520696d706c616e74656e20636f6d6f20736f66747761726520736f6272652073697374656d61732064652070726f636573616d69656e746f206465206461746f732e2031302e20416e616c697a61722079206576616c7561722070726f796563746f7320646520657370656369666963616369266f61637574653b6e2c2064697365266e74696c64653b6f2c20696d706c656d656e74616369266f61637574653b6e2c2076657269666963616369266f61637574653b6e2c2070756573746120612070756e746f2c206d616e74656e696d69656e746f20792061637475616c697a616369266f61637574653b6e2064652073697374656d61732064652070726f636573616d69656e746f206465206461746f732e3c2f6c693e0d0a093c6c69207374796c653d22746578742d616c69676e3a206a7573746966793b223e0d0a0909506172746963697061722064652070726f796563746f7320646520657370656369666963616369266f61637574653b6e2c2064697365266e74696c64653b6f2c20696d706c656d656e74616369266f61637574653b6e2c2076657269666963616369266f61637574653b6e2c2070756573746120612070756e746f2079206d616e74656e696d69656e746f20646520726564657320646520636f6d756e69636163696f6e6573207175652076696e63756c656e2073697374656d61732064652070726f636573616d69656e746f206465206461746f732e3c2f6c693e0d0a093c6c69207374796c653d22746578742d616c69676e3a206a7573746966793b223e0d0a09095265616c697a61722074617265617320636f6d6f20646f63656e746520756e697665727369746172696f20656e20496e666f726d266161637574653b7469636120656e20746f646f73206c6f73206e6976656c65732c206465206163756572646f2061206c61206a657261727175266961637574653b612064652074266961637574653b74756c6f20646520677261646f206d266161637574653b78696d6f2e205265616c697a61722074617265617320646520656e7365266e74696c64653b616e7a61206465206c6120657370656369616c6964616420656e20746f646f73206c6f73206e6976656c65732065647563617469766f732e20506c616e6966696361722079206465736172726f6c6c617220637572736f732064652061637475616c697a616369266f61637574653b6e2070726f666573696f6e616c20792063617061636974616369266f61637574653b6e20656e2067656e6572616c20656e2053697374656d617320646520496e666f726d616369266f61637574653b6e2e3c2f6c693e0d0a093c6c69207374796c653d22746578742d616c69676e3a206a7573746966793b223e0d0a09095265616c697a61722074617265617320646520696e766573746967616369266f61637574653b6e206369656e74266961637574653b666963612062266161637574653b7369636120792061706c696361646120656e2074656d61732064652053697374656d617320646520536f66747761726520792053697374656d617320646520496e666f726d616369266f61637574653b6e2c207061727469636970616e646f20636f6d6f204265636172696f2c20446f63656e74652d496e76657374696761646f72206f20496e76657374696761646f72204369656e74266961637574653b6669636f2f205465636e6f6c266f61637574653b6769636f2e3c2f6c693e0d0a093c6c69207374796c653d22746578742d616c69676e3a206a7573746966793b223e0d0a0909446972696769722050726f796563746f732c204c61626f7261746f72696f732c2043656e74726f73206520496e7374697475746f7320646520496e766573746967616369266f61637574653b6e2079204465736172726f6c6c6f20656e20496e666f726d266161637574653b74696361206f7269656e7461646f732061206c617320266161637574653b726561732064652053697374656d617320646520496e666f726d616369266f61637574653b6e2e3c2f6c693e0d0a3c2f6f6c3e0d0a, 'planLS.pdf', 'b47dc-licenciatura.jpg', 1),
(3, '2009', 'TUDAW', 0x3c6872202f3e0d0a3c70207374796c653d22746578742d616c69676e3a206a7573746966793b223e0d0a093c7374726f6e673e5465636e6963617475726120556e697665727369746172696120656e204465736172726f6c6c6f2064652041706c69636163696f6e6573205765623c2f7374726f6e673e3c2f703e0d0a3c70207374796c653d22746578742d616c69676e3a206a7573746966793b223e0d0a09457374612063617272657261207469656e6520636f6d6f206f626a657469766f2067656e6572616c20666f726d61722070726f666573696f6e616c657320656e20496e666f726d266161637574653b7469636120636170616365732064652074726162616a617220656e2065737472656368612072656c616369266f61637574653b6e20636f6e206f74726f732070726f666573696f6e616c657320696e666f726d266161637574653b7469636f7320792064652064697374696e746173206469736369706c696e61732c2061206c6f732065666563746f73206465207361746973666163657220726571756572696d69656e746f732076696e63756c61646f7320636f6e20656c206465736172726f6c6c6f2c20706c616e69666963616369266f61637574653b6e2c2064697365266e74696c64653b6f2c20656a6563756369266f61637574653b6e207920636f6e74726f6c2064652073697374656d617320696e666f726d266161637574653b7469636f7320636f6d706c656a6f732c20656e20706172746963756c61722c206465736172726f6c6c6f7320696e666f726d266161637574653b7469636f7320706172612061706c69636163696f6e6573207765622e3c2f703e0d0a3c703e0d0a09266e6273703b3c2f703e0d0a, 0x3c6872202f3e0d0a3c70207374796c653d22746578742d616c69676e3a206a7573746966793b223e0d0a0950726573746172206173697374656e6369612074266561637574653b636e6963612061206c6f732070726f666573696f6e616c657320636f6e20666f726d616369266f61637574653b6e20646520677261646f20656e20496e666f726d266161637574653b74696361206f2053697374656d617320646520496e666f726d616369266f61637574653b6e20656e207461726561732072656c6163696f6e6164617320636f6e206573747564696f2c20616e266161637574653b6c697369732c20657370656369666963616369266f61637574653b6e2c2064697365266e74696c64653b6f2c206465736172726f6c6c6f2c20696d706c656d656e74616369266f61637574653b6e2c2076657269666963616369266f61637574653b6e2c2076616c6964616369266f61637574653b6e2c2070756573746120612070756e746f2c206d616e74656e696d69656e746f2064653a3c2f703e0d0a3c70207374796c653d22746578742d616c69676e3a206a7573746966793b223e0d0a09266e6273703b3c2f703e0d0a3c756c3e0d0a093c6c69207374796c653d22746578742d616c69676e3a206a7573746966793b223e0d0a090941706c69636163696f6e6573205765622e3c2f6c693e0d0a093c6c69207374796c653d22746578742d616c69676e3a206a7573746966793b223e0d0a090953697374656d617320646520496e666f726d616369266f61637574653b6e2028656e2067656e6572616c292e3c2f6c693e0d0a093c6c69207374796c653d22746578742d616c69676e3a206a7573746966793b223e0d0a090944697365266e74696c64653b6f2064652061706c69636163696f6e6573206772266161637574653b666963617320636f6e206d6564696f7320696e666f726d266161637574653b7469636f732e3c2f6c693e0d0a093c6c69207374796c653d22746578742d616c69676e3a206a7573746966793b223e0d0a09095061727469636970617220656e20656c206465736172726f6c6c6f2064652053697374656d617320646520496e666f726d616369266f61637574653b6e207920646520536f6674776172652e3c2f6c693e0d0a093c6c69207374796c653d22746578742d616c69676e3a206a7573746966793b223e0d0a09095061727469636970617220656e206c612073656c65636369266f61637574653b6e206465206c61732061727175697465637475726173207465636e6f6c266f61637574653b67696361732064652070726f636573616d69656e746f2c207920736f66747761726520706172612064697365266e74696c64653b6f2064652061706c69636163696f6e6573205765622e3c2f6c693e0d0a093c6c69207374796c653d22746578742d616c69676e3a206a7573746966793b223e0d0a09095061727469636970617220656e20656c2064697365266e74696c64653b6f206465206d65746f646f6c6f67266961637574653b61732070617261206465736172726f6c6c6f20646520736f6674776172652076696e63756c61646f7320616c2070756e746f207072696d65726f2e3c2f6c693e0d0a3c2f756c3e0d0a3c70207374796c653d22746578742d616c69676e3a206a7573746966793b223e0d0a09266e6273703b3c2f703e0d0a3c7020636c6173733d226c65616422207374796c653d22746578742d616c69676e3a206a7573746966793b223e0d0a093c7370616e207374796c653d22666f6e742d73697a653a313470783b223e3c7374726f6e673e50726f6772616d6173206465204d6f76696c696461643c2f7374726f6e673e3c2f7370616e3e3c2f703e0d0a3c70207374796c653d22746578742d616c69676e3a206a7573746966793b223e0d0a09266e6273703b3c2f703e0d0a3c756c3e0d0a093c6c69207374796c653d22746578742d616c69676e3a206a7573746966793b223e0d0a090950726f6772616d61206465204d6f76696c69646164204d4143412028436f6c6f6d6269612920266e646173683b204d6f76696c696461642041636164266561637574653b6d69636120436f6c6f6d62696120417267656e74696e613c2f6c693e0d0a093c6c69207374796c653d22746578742d616c69676e3a206a7573746966793b223e0d0a090950726f6772616d61206465204d6f76696c6964616420457374756469616e74696c2064656c2043524953434f53202850617261677561792c20506572267561637574653b2c20426f6c697669612079204368696c652920436f6e73656a6f20646520526563746f72657320706f72206c6120496e74656772616369266f61637574653b6e206465206c612053756272656769266f61637574653b6e2043656e74726f204f6573746520646520537564616d266561637574653b726963612e3c2f6c693e0d0a3c2f756c3e0d0a, 'planTUDAW.pdf', '67f4a-tudaw.jpg', 1),
(4, '123465', 'Ingeniería en Mecatrónica', 0x3c6872202f3e0d0a3c703e0d0a09266e6273703b3c2f703e0d0a, 0x3c6872202f3e0d0a3c703e0d0a09266e6273703b3c2f703e0d0a, 'mecatronica.pdf', 'mecatronica.jpg', 1),
(5, '123456', 'Ingeniería en Agrimensura', 0x3c6872202f3e0d0a3c703e0d0a09266e6273703b3c2f703e0d0a, 0x3c6872202f3e0d0a3c703e0d0a09266e6273703b3c2f703e0d0a, 'agrimensura.pdf', 'agrimensura.jpg', 0),
(6, '46321', 'Tecnicatura Universitaria en Topografía', 0x3c6872202f3e0d0a3c703e0d0a09266e6273703b3c2f703e0d0a, 0x3c6872202f3e0d0a3c703e0d0a09266e6273703b3c2f703e0d0a, 'topografia.pdf', 'topografia.jpg', 0);

-- --------------------------------------------------------

--
-- Estructura de tabla para la tabla `categoria`
--

CREATE TABLE `categoria` (
  `id` int(11) NOT NULL,
  `descripcion` varchar(30) DEFAULT NULL
) ENGINE=InnoDB DEFAULT CHARSET=utf8 ROW_FORMAT=COMPRESSED;

--
-- Volcado de datos para la tabla `categoria`
--

INSERT INTO `categoria` (`id`, `descripcion`) VALUES
(1, 'Profesor Titular'),
(2, 'Profesor Asociado'),
(3, 'Profesor Adjunto'),
(4, 'Jefe de Trabajos Practicos'),
(5, 'Ayudante de Primera');

-- --------------------------------------------------------

--
-- Estructura de tabla para la tabla `ci_sessions`
--

CREATE TABLE `ci_sessions` (
  `id` varchar(40) NOT NULL,
  `ip_address` varchar(45) NOT NULL,
  `timestamp` int(10) UNSIGNED NOT NULL DEFAULT '0',
  `data` blob NOT NULL
) ENGINE=InnoDB DEFAULT CHARSET=latin1;

-- --------------------------------------------------------

--
-- Estructura de tabla para la tabla `correlatividad`
--

CREATE TABLE `correlatividad` (
  `id` int(11) DEFAULT NULL,
  `correlativade` int(11) DEFAULT NULL,
  `tipo` int(11) DEFAULT NULL
) ENGINE=InnoDB DEFAULT CHARSET=utf8 ROW_FORMAT=COMPRESSED;

--
-- Volcado de datos para la tabla `correlatividad`
--

INSERT INTO `correlatividad` (`id`, `correlativade`, `tipo`) VALUES
(5, 7, 1),
(4, 8, 1),
(4, 9, 1),
(1, 11, 1),
(2, 12, 1),
(6, 13, 1),
(1, 14, 1),
(7, 15, 1),
(7, 16, 1),
(14, 17, 1),
(9, 18, 1),
(15, 19, 1),
(15, 20, 1),
(19, 21, 1),
(12, 22, 1),
(12, 23, 1),
(13, 24, 1),
(11, 25, 1),
(17, 26, 1),
(20, 27, 1),
(25, 28, 1),
(25, 29, 1),
(18, 30, 1),
(23, 31, 1),
(22, 32, 1),
(22, 33, 1),
(21, 34, 1),
(30, 35, 1),
(28, 36, 1),
(30, 38, 1),
(22, 39, 1),
(34, 40, 1),
(36, 41, 1),
(35, 42, 1),
(37, 44, 1),
(41, 45, 1),
(38, 46, 1),
(31, 47, 1),
(40, 48, 1),
(40, 49, 1),
(48, 50, 1),
(47, 51, 1),
(44, 52, 1),
(47, 53, 1),
(8, 14, 1),
(16, 19, 1),
(13, 23, 1),
(26, 29, 1),
(23, 32, 1),
(34, 38, 1),
(42, 46, 1),
(41, 47, 1),
(44, 49, 1),
(1, 17, 2),
(4, 18, 2),
(5, 20, 2),
(17, 21, 2),
(2, 22, 2),
(2, 23, 2),
(6, 24, 2),
(1, 25, 2),
(14, 26, 2),
(7, 27, 2),
(1, 28, 2),
(7, 29, 2),
(1, 30, 2),
(12, 31, 2),
(12, 32, 2),
(12, 33, 2),
(19, 34, 2),
(18, 35, 2),
(18, 36, 2),
(24, 37, 2),
(18, 38, 2),
(12, 39, 2),
(19, 40, 2),
(24, 44, 2),
(22, 45, 2),
(21, 46, 2),
(23, 47, 2),
(21, 48, 2),
(21, 49, 2),
(34, 50, 2),
(22, 51, 2),
(26, 52, 2),
(22, 53, 2),
(9, 25, 2),
(9, 28, 2),
(10, 29, 2),
(6, 30, 2),
(13, 31, 2),
(13, 32, 2),
(20, 34, 2),
(20, 40, 2),
(24, 51, 2),
(24, 53, 2),
(5, 7, 3),
(1, 8, 3),
(4, 9, 3),
(1, 11, 3),
(2, 12, 3),
(6, 13, 3),
(1, 14, 3),
(7, 15, 3),
(7, 16, 3),
(11, 17, 3),
(9, 18, 3),
(15, 19, 3),
(15, 20, 3),
(19, 21, 3),
(12, 22, 3),
(12, 23, 3),
(13, 24, 3),
(11, 25, 3),
(17, 26, 3),
(20, 27, 3),
(25, 28, 3),
(25, 29, 3),
(18, 30, 3),
(23, 31, 3),
(22, 32, 3),
(22, 33, 3),
(21, 34, 3),
(30, 35, 3),
(28, 36, 3),
(30, 38, 3),
(22, 39, 3),
(34, 40, 3),
(36, 41, 3),
(35, 42, 3),
(37, 44, 3),
(41, 45, 3),
(38, 46, 3),
(31, 47, 3),
(40, 48, 3),
(40, 49, 3),
(48, 50, 3),
(47, 51, 3),
(44, 52, 3),
(47, 53, 3),
(4, 8, 3),
(8, 14, 3),
(14, 17, 3),
(16, 19, 3),
(13, 23, 3),
(26, 29, 3),
(23, 32, 3),
(34, 38, 3),
(42, 46, 3),
(41, 47, 3),
(44, 49, 3),
(98, 104, 1),
(99, 105, 1),
(99, 106, 1),
(100, 107, 1),
(100, 108, 1),
(106, 110, 1),
(107, 111, 1),
(107, 112, 1),
(107, 113, 1),
(107, 114, 1),
(102, 115, 1),
(111, 116, 1),
(104, 117, 1),
(112, 118, 1),
(112, 119, 1),
(110, 120, 1),
(110, 121, 1),
(118, 122, 1),
(118, 123, 1),
(115, 124, 1),
(120, 125, 1),
(118, 126, 1),
(100, 105, 1),
(101, 106, 1),
(103, 107, 1),
(103, 108, 1),
(108, 111, 1),
(108, 112, 1),
(108, 113, 1),
(108, 114, 1),
(113, 118, 1),
(113, 119, 1),
(112, 121, 1),
(119, 122, 1),
(119, 123, 1),
(121, 124, 1),
(119, 126, 1),
(109, 112, 1),
(114, 118, 1),
(114, 119, 1),
(107, 116, 2),
(108, 116, 2),
(98, 117, 2),
(107, 118, 2),
(108, 118, 2),
(107, 119, 2),
(108, 119, 2),
(101, 120, 2),
(106, 121, 2),
(112, 122, 2),
(112, 123, 2),
(102, 124, 2),
(106, 125, 2),
(109, 126, 2),
(112, 126, 2),
(98, 104, 3),
(99, 105, 3),
(100, 105, 3),
(99, 106, 3),
(101, 106, 3),
(100, 107, 3),
(103, 107, 3),
(100, 108, 3),
(103, 108, 3),
(101, 110, 3),
(106, 110, 3),
(107, 111, 3),
(108, 111, 3),
(107, 112, 3),
(108, 112, 3),
(109, 112, 3),
(107, 113, 3),
(108, 113, 3),
(107, 114, 3),
(108, 114, 3),
(102, 115, 3),
(111, 116, 3),
(104, 117, 3),
(112, 118, 3),
(113, 118, 3),
(114, 118, 3),
(112, 119, 3),
(113, 119, 3),
(114, 119, 3),
(110, 120, 3),
(110, 121, 3),
(112, 121, 3),
(118, 122, 3),
(119, 122, 3),
(118, 123, 3),
(119, 123, 3),
(115, 124, 3),
(121, 124, 3),
(120, 125, 3),
(118, 126, 3),
(119, 126, 3);

-- --------------------------------------------------------

--
-- Estructura de tabla para la tabla `docente`
--

CREATE TABLE `docente` (
  `id` int(10) NOT NULL,
  `persona_id` bigint(20) NOT NULL,
  `categoria` int(11) DEFAULT NULL,
  `descripcion` blob
) ENGINE=InnoDB DEFAULT CHARSET=utf8 ROW_FORMAT=COMPRESSED;

--
-- Volcado de datos para la tabla `docente`
--

INSERT INTO `docente` (`id`, `persona_id`, `categoria`, `descripcion`) VALUES
(2, 2, 4, 0x3c444956207374796c653d27746578742d616c69676e3a206c656674273e3c554c3e3c4c493e4c4943454e434941444120454e20505349434f4c4f474941204f5247414e495a4143494f4e414c202d202045737461646f20436f6d706c65746f3c2f4c493e3c4c493e504c414e49464943414349c3934e2059204745535449c3934e204445204c4120434f4d554e4943414349c3934e20454e204f5247414e495a4143494f4e4553202d202045737461646f20496e636f6d706c65746f3c2f4c493e3c2f554c3e3c4c4142454c3e3c423e457870657274696369613a3c2f423e3c2f4c4142454c3e3c4252202f3e507369636f6c6f6761206f7267616e697a6163696f6e616c2c20636f6e20657870657269656e63696120656e20646f63656e63696120656e20766172696f732063616d706f732061636164c3a96d69636f732e20457370656369616c697a616369c3b36e20656e2061646d696e69737472616369c3b36e206465206f7267616e697a6163696f6e65732079206d61726b6574696e672e20436f6e6f63696d69656e746f7320656e20636f616368696e6720656d70726573617269616c2079206465736172726f6c6c6f20656d7072656e6465646f722e202050726f6665736f726120646520696e676c65732e3c4252202f3e3c4c4142454c3e3c423ec3817265612064652061637475616369c3b36e3a3c2f423e3c2f4c4142454c3e3c4252202f3e4349454e4349415320534f4349414c4553202d20505349434f4c4f47c38d412c204349454e4349415320534f4349414c4553202d20434f4d554e4943414349c3934e2059204d4544494f532c204349454e4349415320534f4349414c4553202d2045434f4e4f4dc38d412059204e45474f43494f532c204349454e4349415320534f4349414c4553202d204349454e43494153204445204c412045445543414349c3934e3c2f4449563e),
(3, 3, 5, 0x3c444956207374796c653d27746578742d616c69676e3a206c656674273e3c554c3e3c4c493e494e47454e4945524f20454e2053495354454d4153202d202045737461646f20436f6d706c65746f3c2f4c493e3c2f554c3e3c4c4142454c3e3c423e457870657274696369613a3c2f423e3c2f4c4142454c3e3c4252202f3e536f7920696e67656e6965726f20656e2073697374656d61732c2074726162616a6f20636f6d6f2061646d696e6973747261646f722064652062617365206465206461746f7320656e206b756e616e20732e612e20436f6e206c6f73206d6f746f726573206f7261636c652c6d7973716c2c706f737467726573207920766572746963613c4252202f3e3c4c4142454c3e3c423ec3817265612064652061637475616369c3b36e3a3c2f423e3c2f4c4142454c3e3c4252202f3e4349454e43494153204e41545552414c455320592045584143544153202d204349454e43494153204445204c4120434f4d505554414349c3934e204520494e464f524d414349c3934e3c2f4449563e),
(4, 4, 5, 0x3c646976207374796c653d22746578742d616c69676e3a206c656674223e0d0a093c756c3e0d0a09093c6c693e0d0a090909494e47454e4945524f20454c4543545249434953544120454c45435452264f61637574653b4e49434f202d2045737461646f20436f6d706c65746f3c2f6c693e0d0a093c2f756c3e0d0a093c703e0d0a09093c6c6162656c3e3c623e457870657274696369613a3c2f623e3c2f6c6162656c3e3c6272202f3e0d0a090950726f6665736f7220656e206c6120656e7365266e74696c64653b616e7a612064652067656f6d657472266961637574653b61206575636c696469616e61207920616e616c266961637574653b7469636120656e20656c20696e7374697475746f207375706572696f7220646520666f726d616369266f61637574653b6e20646f63656e746520656e20656c20266161637574653b726561206465206d6174656d266161637574653b746963612c207265616c697a616e646f206c617320636f72726573706f6e6469656e74657320636170616369746163696f6e65732070617261206c6120666f726d616369266f61637574653b6e2064652070726f6665736f726573206465206d6174656d266161637574653b746963612064656c206e6976656c20736563756e646172696f2e205061727469636970616e646f20656e20637265616369266f61637574653b6e206465206c612061637475616c2063757272266961637574653b63756c6120646520657374652070726f6665736f7261646f3c2f703e0d0a093c703e0d0a09093c6272202f3e0d0a09093c6c6162656c3e3c623e264161637574653b7265612064652061637475616369266f61637574653b6e3a3c2f623e3c2f6c6162656c3e3c6272202f3e0d0a0909494e47454e494552264961637574653b41532059205445434e4f4c4f47264961637574653b4153202d20494e47454e494552264961637574653b4120454c264561637574653b4354524943412c20494e47454e494552264961637574653b4120454c45435452264f61637574653b4e494341204520494e47454e494552264961637574653b41204445204c4120494e464f524d414349264f61637574653b4e3c2f703e0d0a3c2f6469763e0d0a3c703e0d0a09266e6273703b3c2f703e0d0a),
(5, 5, 3, 0x3c444956207374796c653d27746578742d616c69676e3a206c656674273e3c554c3e3c4c493e494e47454e4945524f20414752c3934e4f4d4f202d202045737461646f20436f6d706c65746f3c2f4c493e3c2f554c3e3c4c4142454c3e3c423e457870657274696369613a3c2f423e3c2f4c4142454c3e3c4252202f3e506c61676173207920656e6665726d6564616465732064656c206e6f67616c3c4252202f3e3c4c4142454c3e3c423ec3817265612064652061637475616369c3b36e3a3c2f423e3c2f4c4142454c3e3c4252202f3e4349454e4349415320414752c38d434f4c4153202d204147524943554c545552412c2053494c564943554c5455524120592050455343413c2f4449563e),
(6, 6, 4, 0x3c444956207374796c653d27746578742d616c69676e3a206c656674273e3c554c3e3c4c493e4c4943454e4349415455524120454e20414e414c495349532044452053495354454d4153202d202045737461646f20436f6d706c65746f3c2f4c493e3c2f554c3e3c4c4142454c3e3c423e457870657274696369613a3c2f423e3c2f4c4142454c3e3c4252202f3e536f79206c6963656e636961646f20656e20616e616c697369732064652073697374656d617373797374656d733c4252202f3e3c4c4142454c3e3c423ec3817265612064652061637475616369c3b36e3a3c2f423e3c2f4c4142454c3e3c4252202f3e494e47454e494552c38d41532059205445434e4f4c4f47c38d4153202d20494e47454e494552c38d4120454cc3894354524943412c20494e47454e494552c38d4120454c45435452c3934e494341204520494e47454e494552c38d41204445204c4120494e464f524d414349c3934e3c2f4449563e),
(7, 7, 3, 0x3c444956207374796c653d27746578742d616c69676e3a206c656674273e3c554c3e3c4c493e494e47454e4945524f204d4543c3814e49434f204145524f4e41c39a5449434f202d202045737461646f20436f6d706c65746f3c2f4c493e3c4c493e455350454349414c4953544120454e20494e47454e494552c38d412044452043414c49444144202d202045737461646f20436f6d706c65746f3c2f4c493e3c2f554c3e3c4c4142454c3e3c423e457870657274696369613a3c2f423e3c2f4c4142454c3e3c4252202f3e457870657269656e6369612061647175697269646120656e206c6120657370656369616c697a616369c3b36e20637572736164612c20636f6e74726f6c2064652063616c6964616420656e20736f6c646164757261732c20636f6e74726f6c2064652063616c6964616420656e206d6563616e69736d6f73207920656c656d656e746f73206465206dc3a17175696e61732c2020617365677572616d69656e746f2064652063616c6964616420656e20656e7361796f732064696ec3a16d69636f73207920657374c3a17469636f733c4252202f3e3c4c4142454c3e3c423ec3817265612064652061637475616369c3b36e3a3c2f423e3c2f4c4142454c3e3c4252202f3e494e47454e494552c38d41532059205445434e4f4c4f47c38d4153202d20494e47454e494552c38d41204d4543c3814e4943413c2f4449563e),
(8, 8, NULL, 0x3c444956207374796c653d27746578742d616c69676e3a206c656674273e3c554c3e3c2f554c3e3c4c4142454c3e3c423e457870657274696369613a3c2f423e3c2f4c4142454c3e3c4252202f3e3c4252202f3e3c4c4142454c3e3c423ec3817265612064652061637475616369c3b36e3a3c2f423e3c2f4c4142454c3e3c4252202f3e3c2f4449563e),
(9, 9, NULL, NULL),
(10, 10, 1, 0x3c444956207374796c653d27746578742d616c69676e3a206c656674273e0d0a3c554c3e0d0a20203c4c493e494e47454e4945524f20454e2053495354454d415320444520494e464f524d414349c3934e202d202045737461646f20436f6d706c65746f3c2f4c493e0d0a20203c4c493e50524f4645534f524120454e204449534349504c494e415320494e445553545249414c4553202d2045737461646f20436f6d706c65746f203c2f4c493e0d0a20203c4c493e50524f4645534f524120454e20454455434143494f4e205355504552494f52202d2045737461646f20436f6d706c65746f203c2f4c493e0d0a20203c4c493e455350454349414c4953544120454e20454e544f524e4f53205649525455414c455320444520415052454e44495a414a45202d202045737461646f20436f6d706c65746f3c2f4c493e0d0a20203c4c493e4d4147495354455220454e20494e464f524d4154494341202d202045737461646f20496e636f6d706c65746f3c2f4c493e3c2f554c3e3c4c4142454c3e3c423e457870657274696369613a3c2f423e3c2f4c4142454c3e3c4252202f3e496e67656e696572c3ad6120646520736f6674776172652e20416e616c697374612066756e63696f6e616c2e20526f62c3b374696361206564756361746976612e6f626a65746f7320646520617072656e64697a616a652e204167726f6dc3a1746963613c4252202f3e3c4c4142454c3e3c423ec3817265612064652061637475616369c3b36e3a3c2f423e3c2f4c4142454c3e3c4252202f3e4349454e43494153204e41545552414c455320592045584143544153202d204349454e43494153204445204c4120434f4d505554414349c3934e204520494e464f524d414349c3934e3c2f4449563e),
(11, 11, NULL, NULL),
(12, 12, 4, 0x3c444956207374796c653d27746578742d616c69676e3a206c656674273e3c554c3e3c4c493e4c4943454e434941444f20454e2046494c4f534f46c38d41202d202045737461646f20436f6d706c65746f3c2f4c493e3c4c493e444f43544f5220454e2046494c4f534f46c38d41202d202045737461646f20436f6d706c65746f3c2f4c493e3c2f554c3e3c4c4142454c3e3c423e457870657274696369613a3c2f423e3c2f4c4142454c3e3c4252202f3e412074726176c3a973206465206c61207265616c697a616369c3b36e206465206c6120746573697320646520677261646f2079206c6120746573697320646520646f63746f7261646f2c206d6920666f726d616369c3b36e2061636164c3a96d69636120736520686120636f6e63656e747261646f20656e20656c206573747564696f20696e74657270726574617469766f20646520746578746f732066696c6f73c3b36669636f7320616e746967756f732e204dc3a17320707265636973616d656e74652c20686520636f6d656e7a61646f20636f6e20756e6120696e646167616369c3b36e20736f627265206c6120696d706f7274616e636961206d65746f646f6cc3b367696361206465206c61206469616cc3a963746963612061726973746f74c3a96c6963612c206375796f7320726573756c7461646f732068652070726f66756e64697a61646f20656e206c6120746573697320646f63746f72616c2e20436f6e20746f646f73206573746f732074726162616a6f732068652061647175697269646f20756e6120706572737065637469766120646520616ec3a16c697369732068697374c3b37269636f2d66696c6f73c3b3666963612c20656e206c61207175652c206164656dc3a1732c20686520696e636f72706f7261646f206c612064697363757369c3b36e20636f6e20706c616e7465616d69656e746f73206570697374656d6f6cc3b36769636f7320636f6e74656d706f72c3a16e656f732c2061756d656e74616e646f2c2064652065737461206d616e6572612c20656c2063616d706f2064652061706c6963616369c3b36e206465206c6f7320636f6e6f63696d69656e746f732061647175697269646f732e2054616d6269c3a96e20636f6d6f207061727465206465206c6120707265706172616369c3b36e2061636164c3a96d6963612068652074726162616a61646f2c20726567756c61726d656e74652c20656e206c6120656c61626f72616369c3b36e20646520706f6e656e6369617320612070726573656e74617220656e2064697374696e746173207265756e696f6e65732061636164c3a96d696361732e20412065737465206573746520636f6e746163746f20636f6e206f74726f73206573747564696f736f732061726973746f74c3a96c69636f732074616d6269c3a96e2073652068616e2073756d61646f206d69732070617274696369706163696f6e657320656e2064697374696e746f732070726f796563746f7320636f6c65637469766f7320646520696e766573746967616369c3b36e2e20203c4252202f3e3c4c4142454c3e3c423ec3817265612064652061637475616369c3b36e3a3c2f423e3c2f4c4142454c3e3c4252202f3e48554d414e494441444553202d2046494c4f534f46c38d412c20c3895449434120592052454c494749c3934e3c2f4449563e),
(13, 13, 4, 0x3c444956207374796c653d27746578742d616c69676e3a206c656674273e3c554c3e3c4c493e4c4943454e434941444f20454e20414ec3814c495349532044452053495354454d4153202d202045737461646f20436f6d706c65746f3c2f4c493e3c4c493e455350454349414c4953544120454e20454e544f524e4f53205649525455414c455320444520415052454e44495a414a45202d202045737461646f20436f6d706c65746f3c2f4c493e3c2f554c3e3c4c4142454c3e3c423e457870657274696369613a3c2f423e3c2f4c4142454c3e3c4252202f3e4c6963656e636961646f20656e20616ec3a16c697369732064652073697374656d61732e204d6173746572206d6963726f736f6674206f66666963652032303037207370656369616c6973742e2054c3a9636e69636f2070726f666573696f6e616c2e2043617061636974616369c3b36e206120646f63656e746573206465206e6976656c20736563756e646172696f2e20446f63656e746520696e76657374696761646f722028756e646563292e20457370656369616c697a616369c3b36e20656e20656e746f726e6f73207669727475616c657320646520617072656e64697a616a652e204173697374656e74652064652070726f6772616d61732064656c20c3a1726561207465636e6f6c6f67c3ad6173206465206c6120696e666f726d616369c3b36e2079206c6120636f6d756e6963616369c3b36e20656e206c612065647563616369c3b36e2028746963652920656e20756e6465632e3c4252202f3e3c4c4142454c3e3c423ec3817265612064652061637475616369c3b36e3a3c2f423e3c2f4c4142454c3e3c4252202f3e4349454e43494153204e41545552414c455320592045584143544153202d204349454e43494153204445204c4120434f4d505554414349c3934e204520494e464f524d414349c3934e2c204349454e43494153204e41545552414c455320592045584143544153202d204d4154454dc38154494341533c2f4449563e),
(14, 14, NULL, NULL),
(15, 15, 1, 0x3c444956207374796c653d27746578742d616c69676e3a206c656674273e3c554c3e3c4c493e4c4943454e434941444f20454e20434f4d554e4943414349c3934e20534f4349414c202d202045737461646f20436f6d706c65746f2c20494e47454e4945524f20434956494c202d202045737461646f20436f6d706c65746f3c2f4c493e3c4c493e455350454349414c4953544120454e20444f434543494120554e4956455253495441524941202d202045737461646f20436f6d706c65746f3c2f4c493e3c4c493e4d4147495354455220454e20454e5345c391414e5a41204445204c4153204349454e43494153202d20c3815245412046c38d53494341202d202045737461646f20436f6d706c65746f3c2f4c493e3c2f554c3e3c4c4142454c3e3c423e457870657274696369613a3c2f423e3c2f4c4142454c3e3c4252202f3e496e67656e6965726f20636976696c2e204d6167697374657220656e20656e7365c3b1616e7a61206465206c61206369616e63696120c3a17265612066c3ad736963612e203c4252202f3e3c4c4142454c3e3c423ec3817265612064652061637475616369c3b36e3a3c2f423e3c2f4c4142454c3e3c4252202f3e4349454e43494153204e41545552414c455320592045584143544153202d204349454e434941532046c38d53494341533c2f4449563e),
(16, 16, 5, 0x3c444956207374796c653d27746578742d616c69676e3a206c656674273e3c554c3e3c4c493e494e47454e4945524f20454e2053495354454d4153202d202045737461646f20436f6d706c65746f3c2f4c493e3c4c493e444f43544f5220454e204d4154454d415449434120434f4d5055544143494f4e414c204520494e445553545249414c202d202045737461646f20496e636f6d706c65746f3c2f4c493e3c2f554c3e3c4c4142454c3e3c423e457870657274696369613a3c2f423e3c2f4c4142454c3e3c4252202f3e536f7920696e67656e6965726f20656e2073697374656d61732c20686520706172746963697061646f20656e20656c206465736172726f6c6c6f206465207465636e6f6c6f67c3ad6173206465206c6120696e666f726d616369c3b36e2079206465206c617320636f6d756e69636163696f6e65732061706c69636164617320612070726f626c656d6173206465206167726963756c7475726120726567696f6e616c207920656e20656c206465736172726f6c6c6f20646520756e20726f626f742064657374696e61646f206120696e63656e746976617220766f636163696f6e657320656e20696e666f726dc3a17469636120656e206c6f7320616c756d6e6f732064656c206e6976656c20736563756e646172696f2e20204173692074616d6269656e20666f726dc3a92070617274652064656c2065717569706f20717565206465736172726f6c6cc3b320756e2073697374656d612070617261206c612067657374696f6e20646520617369676e6163696f6e65732f64657369676e6163696f6e65732064656c20706572736f6e616c20646f63656e7465206465206c6120756e697665727369646164206e6163696f6e616c206465206368696c656369746f2028706f73656964c3b36e29207920646520756e2073697374656d612070617261206c61206765737469c3b36e2064652070726f796563746f7320646520696e766573746967616369c3b36e207061726120656c20617265612064652076696e63756c616369c3b36e207465636ec3b36c6f67696361206465206c6120756e697665727369646164206e6163696f6e616c206465206368696c656369746f2e202054656e676f20657870657269656e63696120656e206c617320706c617461666f726d6173206465206465736172726f6c6c6f202e4e45542059206a6176612e3c4252202f3e3c4c4142454c3e3c423ec3817265612064652061637475616369c3b36e3a3c2f423e3c2f4c4142454c3e3c4252202f3e4349454e43494153204e41545552414c455320592045584143544153202d204349454e43494153204445204c4120434f4d505554414349c3934e204520494e464f524d414349c3934e3c2f4449563e),
(17, 17, 3, 0x3c444956207374796c653d27746578742d616c69676e3a206c656674273e3c554c3e3c4c493e54c389434e49434f20554e495645525349544152494f20454e20454c45435452c3934e494341202d202045737461646f20436f6d706c65746f3c2f4c493e3c4c493e455350454349414c4953544120454e205245444553204445204441544f53202d202045737461646f20496e636f6d706c65746f3c2f4c493e3c2f554c3e3c4c4142454c3e3c423e457870657274696369613a3c2f423e3c2f4c4142454c3e3c4252202f3e436f6d6f20696e67656e6965726f2064652070726f796563746f20656e20726566696e65726961206c756a616e206465206375796f2064652079706620732e612d2028323030362d32303134292c202061646d696e6973747261646f7220746963202d207061726120726564206465206461746f73207920636f6d756e69636163696f6e657320726567696f6e206375796f2079706620732e612028323031342d636f6e742e292020436f6d6f20646f63656e74653a696e7374727563746f722061636164656d696120636973636f2d28323030382d636f6e742e2950524f4645534f52204a747020617271756974656374757261206465206c617320636f6d70757461646f7261732d66726d2d75746e2028323031342d636f6e74292c2070726f662e2041646a2063c3a174656472617320636f6d756e69636163696f6e657320696e616cc3a16d6272696361732079207265646573206465206461746f732069692d756e6465632d28323031342d636f6e742e29494e56455354494741444f5220436c617365202764272066726d2d75746e3c4252202f3e3c4c4142454c3e3c423ec3817265612064652061637475616369c3b36e3a3c2f423e3c2f4c4142454c3e3c4252202f3e494e47454e494552c38d41532059205445434e4f4c4f47c38d4153202d20494e47454e494552c38d4120454cc3894354524943412c20494e47454e494552c38d4120454c45435452c3934e494341204520494e47454e494552c38d41204445204c4120494e464f524d414349c3934e2c20494e47454e494552c38d41532059205445434e4f4c4f47c38d4153202d20494e47454e494552c38d4120454cc3894354524943412c20494e47454e494552c38d4120454c45435452c3934e494341204520494e47454e494552c38d41204445204c4120494e464f524d414349c3934e3c2f4449563e),
(18, 18, 5, 0x3c444956207374796c653d27746578742d616c69676e3a206c656674273e3c554c3e3c4c493e494e47454e4945524f20454e2053495354454d4153202d202045737461646f20436f6d706c65746f3c2f4c493e3c2f554c3e3c4c4142454c3e3c423e457870657274696369613a3c2f423e3c2f4c4142454c3e3c4252202f3e416ec3a16c697369732c2064697365c3b16f2064652073697374656d617320646520696e666f726d616369c3b36e20636f6d756e69636163696f6e657320696e616cc3a16d6272696361732079207265646573206465206461746f73203c4252202f3e3c4c4142454c3e3c423ec3817265612064652061637475616369c3b36e3a3c2f423e3c2f4c4142454c3e3c4252202f3e4349454e43494153204e41545552414c455320592045584143544153202d204349454e43494153204445204c4120434f4d505554414349c3934e204520494e464f524d414349c3934e3c2f4449563e),
(19, 19, 3, 0x3c444956207374796c653d27746578742d616c69676e3a206c656674273e3c554c3e3c4c493e4c4943454e434941444f20454e20414ec3814c495349532044452053495354454d4153202d202045737461646f20436f6d706c65746f3c2f4c493e3c4c493e4d4147495354455220454e20494e47454e494552c38d4120444520534f465457415245202d202045737461646f20496e636f6d706c65746f3c2f4c493e3c2f554c3e3c4c4142454c3e3c423e457870657274696369613a3c2f423e3c2f4c4142454c3e3c4252202f3e50726f666573696f6e616c207920646f63656e746520646564696361646f2061206c6120696e67656e696572c3ad6120646520736f667477617265207920656c206465736172726f6c6c6f206520696d706c656d656e74616369c3b36e2064652073697374656d617320646520696e666f726d616369c3b36e2e646573656d7065c3b16f20657374617320616374697669646164657320656e20656c206f7264656e2061636164c3a96d69636f2070c3ba626c69636f20792074616d6269c3a96e20656e20656c20c3a16d6269746f207072697661646f2e3c4252202f3e3c4c4142454c3e3c423ec3817265612064652061637475616369c3b36e3a3c2f423e3c2f4c4142454c3e3c4252202f3e494e47454e494552c38d41532059205445434e4f4c4f47c38d4153202d20494e47454e494552c38d4120454cc3894354524943412c20494e47454e494552c38d4120454c45435452c3934e494341204520494e47454e494552c38d41204445204c4120494e464f524d414349c3934e2c204349454e43494153204e41545552414c455320592045584143544153202d204349454e43494153204445204c4120434f4d505554414349c3934e204520494e464f524d414349c3934e3c2f4449563e),
(20, 20, 3, 0x3c444956207374796c653d27746578742d616c69676e3a206c656674273e3c554c3e3c4c493e4c4943454e434941444f20454e20414ec3814c495349532044452053495354454d4153202d202045737461646f20436f6d706c65746f3c2f4c493e3c4c493e455350454349414c4953544120454e2043c3934d5055544f20444520414c5441532050524553544143494f4e45532059205445434e4f4c4f47c38d412047524944202d202045737461646f20436f6d706c65746f3c2f4c493e3c4c493e444f43544f5220454e204349454e4349415320494e464f524dc3815449434153202d202045737461646f20436f6d706c65746f3c2f4c493e3c2f554c3e3c4c4142454c3e3c423e457870657274696369613a3c2f423e3c2f4c4142454c3e3c4252202f3e4f7269656e74c3a9206c612065787065727469636961206465206d6920636172726572612070726f666573696f6e616c20686163696120656c20c3a17265612064652063c3b36d7075746f20646520616c7461732070726573746163696f6e65732079207465636e6f6c6f67c3ad6120677269642e20446f6d696e6f2074c3a9636e69636173206465206465736172726f6c6c6f2064652070726f6772616d617320612062616a6f206e6976656c207574696c697a616e646f206c656e6775616a65732064652070726f6772616d616369c3b36e20636f6d6f2063207920666f727472616e2c206c6962726572c3ad61732064652063c3b36d7075746f20706172616c656c6f202870746872656164732c206d70692c206f70656e6d702c20637564612c206574632e292e204573746f73206c656e6775616a657320736f6e206c6f73206dc3a173207574696c697a61646f732070617261207265736f6c7665722070726f626c656d617320636f6e206772616e646573206e656365736964616465732064652063c3b36d7075746f202873696d756c6163696f6e65732c2074726174616d69656e746f206465206772616e64657320766f6cc3ba6d656e6573206465206461746f732c20657463292e204d6520657370656369616c6963c3a920656e20696e737472756d656e74616369c3b36e2064696ec3a16d6963612064652070726f6772616d61732c20616ec3a16c69736973206465206f766572686561647320792070726f70756573746173206465206f7074696d697a616369c3b36e2c207574696c697a616e646f207265637572736f7320636f6d6f206c6f7320636f6e7461646f7265732068617264776172652c20646570757261646f726573206f206dc3a17175696e6173207669727475616c65732e3c4252202f3e3c4c4142454c3e3c423ec3817265612064652061637475616369c3b36e3a3c2f423e3c2f4c4142454c3e3c4252202f3e4349454e43494153204e41545552414c455320592045584143544153202d204349454e43494153204445204c4120434f4d505554414349c3934e204520494e464f524d414349c3934e3c2f4449563e),
(21, 21, 5, 0x3c444956207374796c653d27746578742d616c69676e3a206c656674273e3c554c3e3c4c493e41424f4741444f202d202045737461646f20436f6d706c65746f3c2f4c493e3c2f554c3e3c4c4142454c3e3c423e457870657274696369613a3c2f423e3c2f4c4142454c3e3c4252202f3e446f63656e746520696e746572696e6f20656e206c617320617369676e617475726173206465726563686f2070656e616c20692079206465726563686f2070656e616c206969206465206c6120636172726572612061626f676163c3ad61206465206c6120756e697665727369646164206e6163696f6e616c206465206368696c656369746f2e2020446f63656e746520696e76657374696761646f722c20696e74656772616e74652064656c2065717569706f2064652074726162616a6f20646520696e766573746967616369c3b36e2064656e6f6d696e61646f20636f6e73656375656e63696173206465206c61206d656469616369c3b36e20736f6369616c20656e206c6120636f6e73747275636369c3b36e206465206c6120696e73656775726964616420656e206368696c656369746f2c2061637475616c6d656e746520656e20656a6563756369c3b36e20636f6e2066696e616e6369616d69656e746f20666963797420323031312e3c4252202f3e3c4c4142454c3e3c423ec3817265612064652061637475616369c3b36e3a3c2f423e3c2f4c4142454c3e3c4252202f3e4349454e4349415320534f4349414c4553202d204445524543484f3c2f4449563e),
(22, 22, 1, 0x3c444956207374796c653d27746578742d616c69676e3a206c656674273e3c554c3e3c4c493e494e47454e4945524f204c41424f52414c202d202045737461646f20436f6d706c65746f2c20494e47454e4945524f205155494d49434f202d202045737461646f20436f6d706c65746f3c2f4c493e3c4c493e455350454349414c4953544120454e2048494749454e45205920534547555249444144202d202045737461646f20436f6d706c65746f3c2f4c493e3c2f554c3e3c4c4142454c3e3c423e457870657274696369613a3c2f423e3c2f4c4142454c3e3c4252202f3e2d202020676572656e74652064652070726f6475636369c3b36e3a20636f6f706572617469766120636f66696c61722e202831393731206120373729202d206469726563746f722064653a20696e737065636369c3b36e2067656e6572616c2c2062726f6d61746f6c6f67c3ad61206520696e647573747269612e204d756e69636970616c69646164206465206368696c656369746f2e20283139373720612031393936292e3f50524f4645534f5220546974756c617220696e746572696e6f3f3a205175c3ad6d6963612067656e6572616c2e20456e206c61206361727265726120696e67656e696572c3ad61206167726f6ec3b36d6963612c2073656465206368696c3c4252202f3e3c4c4142454c3e3c423ec3817265612064652061637475616369c3b36e3a3c2f423e3c2f4c4142454c3e3c4252202f3e4349454e43494153204e41545552414c455320592045584143544153202d204349454e43494153205155c38d4d494341533c2f4449563e),
(23, 23, 4, 0x3c444956207374796c653d27746578742d616c69676e3a206c656674273e3c554c3e3c4c493e4c4943454e434941444120454e20414e414c495349532044452053495354454d4153202d202045737461646f20436f6d706c65746f3c2f4c493e3c2f554c3e3c4c4142454c3e3c423e457870657274696369613a3c2f423e3c2f4c4142454c3e3c4252202f3e436f6e636570746f732061706c696361646f732070617261206465736172726f6c6c6f206465206c617320636c617365733a2073697374656d617320646520696e666f726d616369c3b36e2c206369636c6f20646520766964612064656c206465736172726f6c6c6f2064652073697374656d61732e20496e67656e696572c3ad612064652073697374656d61732e20496e67656e696572c3ad6120696e76657273612079207265696e67656e696572c3ad6120646520736f6674776172652e2050726f6365736f20646520736f6674776172653a206d6172636f2064652074726162616a6f2e204469616772616d6120646520666c756a6f206465206461746f732e204d6f64656c6f20656e74696461642072656c616369c3b36e2e204d6f64656c6f2072656c6163696f6e616c2e2044696363696f6e6172696f206465206461746f732e204261736573206465206461746f732072656c6163696f6e616c65732e204e6f726d616c697a616369c3b36e2e20456c2070726f6365736f20756e6966696361646f206465206465736172726f6c6c6f2e204dc3a9746f646f73206465207265636f70696c616369c3b36e20646520696e666f726d616369c3b36e2e20456c206d6f64656c6f206465206361736f732064652075736f732e20456c206c656e6775616a6520756e6966696361646f206465206d6f64656c61646f2028756d6c292e204d6f64656c6f20636f6e6365707475616c20646520756d6c2e204469616772616d61732e204d6f64656c6f2064656c206e65676f63696f2e204361736f732064652075736f732e204469616772616d6173206465206361736f732064652075736f732e20457370656369666963616369c3b36e206465206361736f732064652075736f2e204d6f64656c6f20646520646f6d696e696f2e20436c617365732e204469616772616d617320646520636c617365732e20204d6f64656c6f2062c3a17369636f2064652066756e63696f6e616d69656e746f20646520756e6120636f6d70757461646f72612e20436f6d706f6e656e746573207072696e636970616c65732e20496e74726f6475636369c3b36e20616c206d616e656a6f20646520756e2073697374656d61206f706572617469766f2e205574696c697a616369c3b36e206465206c6120696e666f726dc3a17469636120656e206c6f732074726162616a6f73206465206f666963696e612e204e6f63696f6e657320646520726564657320646520636f6d70757461646f7261732e20496e7465726e657420792073757320736572766963696f732e2053697374656d61206f706572617469766f2c20206d616e656a6f2064656c2070617175657465206d6963726f736f6674206f6666696365207920756e20636f6e6f63696d69656e746f206465206c6f7320736572766963696f7320717565206f667265636520696e7465726e65742e3c4252202f3e3c4c4142454c3e3c423ec3817265612064652061637475616369c3b36e3a3c2f423e3c2f4c4142454c3e3c4252202f3e4349454e43494153204e41545552414c455320592045584143544153202d204349454e43494153204445204c4120434f4d505554414349c3934e204520494e464f524d414349c3934e3c2f4449563e),
(24, 24, 5, 0x3c444956207374796c653d27746578742d616c69676e3a206c656674273e3c554c3e3c4c493e494e47454e4945524f20454c454354524f4e49434f202d202045737461646f20436f6d706c65746f3c2f4c493e3c2f554c3e3c4c4142454c3e3c423e457870657274696369613a3c2f423e3c2f4c4142454c3e3c4252202f3e526164696f206672656375656e636961202872662920726164696f20792074762062726f616463617374696e6720706f722061697265206e6f726d6173206465207472616e736d6973696f6e207920616a757374652064652065717569706f73206465207472616e736d697369c3b36e20656e206c61626f7261746f72696f2064697365c3b16f20706f7220706172c3a16d6574726f7320646973747269627569646f733c4252202f3e3c4c4142454c3e3c423ec3817265612064652061637475616369c3b36e3a3c2f423e3c2f4c4142454c3e3c4252202f3e494e47454e494552c38d41532059205445434e4f4c4f47c38d4153202d20494e47454e494552c38d4120454cc3894354524943412c20494e47454e494552c38d4120454c45435452c3934e494341204520494e47454e494552c38d41204445204c4120494e464f524d414349c3934e3c2f4449563e),
(25, 25, 5, 0x3c444956207374796c653d27746578742d616c69676e3a206c656674273e3c554c3e3c4c493e494e47454e4945524f20454c454354524f4e49434f202d202045737461646f20436f6d706c65746f3c2f4c493e3c4c493e43524f4d41544f47524146c38d41204c495155494441202d204c49515549444120444520414c54412020504552464f524d414e4345202d202045737461646f20436f6d706c65746f2c20494d504c454d454e54414349c3934e2044452053495354454d41204445204745535449c3934e2044452043414c4944414420454e204c41424f5241544f52494f20444520454e5341594f202d202045737461646f20436f6d706c65746f3c2f4c493e3c4c493e4d4147495354455220454e20494e464f524d4154494341202d202045737461646f20496e636f6d706c65746f3c2f4c493e3c2f554c3e3c4c4142454c3e3c423e457870657274696369613a3c2f423e3c2f4c4142454c3e3c4252202f3e506f73656f20657870657269656e63696120656e206465736172726f6c6c6f2064652073697374656d6173206465206d6564696369c3b36e2c206465736172726f6c6c6f2064652073656e736f7265732070617261206d6564697220706172c3a16d6574726f73206573706563c3ad6669636f732e204164656dc3a17320706f73656f20657870657269656e63696120656e2070726f6772616d616369c3b36e20656e206c6162766965772e2020204164656dc3a17320706f73656f20657870657269656e63696120656e206d616e74656e696d69656e746f2064652065717569706f73206465206c61626f7261746f72696f2e202054616d6269c3a96e2074656e676f20657870657269656e63696120656e20696d706c656d656e74616369c3b36e206465206e6f726d61732064652063616c69646164206465206c61626f7261746f72696f20646520656e7361796f20206e6f726d612069736f31373032352e204d6520646573656d7065c3b16f20636f6d6f20726573706f6e7361626c652064652063616c6964616420656e20656c206c61626f7261746f72696f20646520616c746120636f6d706c656a69646164206465206c6120756e697665727369646164206e6163696f6e616c206465206368696c656369746f3c4252202f3e3c4c4142454c3e3c423ec3817265612064652061637475616369c3b36e3a3c2f423e3c2f4c4142454c3e3c4252202f3e494e47454e494552c38d41532059205445434e4f4c4f47c38d4153202d20494e47454e494552c38d4120454cc3894354524943412c20494e47454e494552c38d4120454c45435452c3934e494341204520494e47454e494552c38d41204445204c4120494e464f524d414349c3934e3c2f4449563e),
(26, 26, 3, 0x3c444956207374796c653d27746578742d616c69676e3a206c656674273e3c554c3e3c4c493e4c4943454e434941444120454e20414ec3814c495349532044452053495354454d4153202d202045737461646f20436f6d706c65746f2c20414e414c4953544120554e495645525349544152494f2044452053495354454d4153202d202045737461646f20436f6d706c65746f3c2f4c493e3c4c493e50524f4645534f524120454e20444f43454e434941205355504552494f52202d202045737461646f20436f6d706c65746f2c2050524f4645534f524120454e204449534349504c494e415320494e445553545249414c4553202d202045737461646f20436f6d706c65746f3c2f4c493e3c2f554c3e3c4c4142454c3e3c423e457870657274696369613a3c2f423e3c2f4c4142454c3e3c4252202f3e5265616c697a616369c3b36e2064652070726f796563746f7320636f6e206465736172726f6c6c6f20656e20636f6e74656e69646f7320646520696e666f726dc3a1746963612061706c696361646f732061206c612065647563616369c3b36e2e3c4252202f3e3c4c4142454c3e3c423ec3817265612064652061637475616369c3b36e3a3c2f423e3c2f4c4142454c3e3c4252202f3e4349454e43494153204e41545552414c455320592045584143544153202d204349454e43494153204445204c4120434f4d505554414349c3934e204520494e464f524d414349c3934e3c2f4449563e),
(27, 27, 3, 0x3c444956207374796c653d27746578742d616c69676e3a206c656674273e3c554c3e3c4c493e4c4943454e434941444120454e20414ec3814c495349532044452053495354454d4153202d202045737461646f20436f6d706c65746f3c2f4c493e3c2f554c3e3c4c4142454c3e3c423e457870657274696369613a3c2f423e3c2f4c4142454c3e3c4252202f3e4d6920646573656d7065c3b16f2070726f666573696f6e616c20657320656e20656c20c3a172656120646520696e766573746967616369c3b36e206465206f7065726163696f6e657320792063c3a16c63756c6f206e756dc3a97269636f2e20446f6d696e6f206c612074c3a9636e6963612064652070726f6772616d616369c3b36e206c696e65616c2070617261206c61206f7074696d697a616369c3b36e20646520736f6c7563696f6e657320656e20636f6e746578746f73207265616c65732e3c4252202f3e3c4c4142454c3e3c423ec3817265612064652061637475616369c3b36e3a3c2f423e3c2f4c4142454c3e3c4252202f3e4349454e43494153204e41545552414c455320592045584143544153202d204349454e43494153204445204c4120434f4d505554414349c3934e204520494e464f524d414349c3934e3c2f4449563e),
(28, 28, 1, 0x3c444956207374796c653d27746578742d616c69676e3a206c656674273e3c554c3e3c4c493e494e47454e4945524f20454e2053495354454d415320444520494e464f524d414349c3934e202d202045737461646f20436f6d706c65746f3c2f4c493e3c4c493e4d4147495354455220454e20494e47454e494552c38d412044452053495354454d4153202d202045737461646f20496e636f6d706c65746f3c2f4c493e3c2f554c3e3c4c4142454c3e3c423e457870657274696369613a3c2f423e3c2f4c4142454c3e3c4252202f3e496e67656e6965726f20656e2073697374656d61732c20657370656369616c697a61646f20656e20616e616c6973697320792064697365c3b16f207920656e206765737469c3b36e2064652070726f796563746f73206465206465736172726f6c6c6f206520696d706c656d656e74616369c3b36e2064652073697374656d61732e20436f6e2032372061c3b16f7320646520657870657269656e63696120646f63656e7465207920323520646520646573656d7065c3b16f206465206c612070726f66657369c3b36e20656e206c612061637469766964616420707269766164612e3c4252202f3e3c4c4142454c3e3c423ec3817265612064652061637475616369c3b36e3a3c2f423e3c2f4c4142454c3e3c4252202f3e494e47454e494552c38d41532059205445434e4f4c4f47c38d4153202d20494e47454e494552c38d4120454cc3894354524943412c20494e47454e494552c38d4120454c45435452c3934e494341204520494e47454e494552c38d41204445204c4120494e464f524d414349c3934e3c2f4449563e),
(29, 29, 4, 0x3c444956207374796c653d27746578742d616c69676e3a206c656674273e3c554c3e3c4c493e4c4943454e434941444120454e2045434f4e4f4dc38d41202d202045737461646f20436f6d706c65746f3c2f4c493e3c4c493e4449504c4f4d41444f20444520504f53475241444f20454e2042494f5445434e4f4c4f47c38d412c20494e445553545249412059204e45474f43494f53202d202045737461646f20496e636f6d706c65746f3c2f4c493e3c2f554c3e3c4c4142454c3e3c423e457870657274696369613a3c2f423e3c2f4c4142454c3e3c4252202f3e41206c6f206c6172676f206465206d6920636172726572612070726f666573696f6e616c206d6520646573656d7065c3b1c3a920636f6d6f20646f63656e746520656e20656c20c3a172656120646520206d6174656dc3a174696361732e204d6920666f726d616369c3b36e20636f6d6f206c6963656e636961646120656e2065636f6e6f6dc3ad61206d65207065726d69746520706172746963697061722064652070726f796563746f7320646520696e766573746967616369c3b36e2071756520696e766f6c756372656e206d6f64656c6f73206d6174656dc3a17469636f733c4252202f3e3c4c4142454c3e3c423ec3817265612064652061637475616369c3b36e3a3c2f423e3c2f4c4142454c3e3c4252202f3e4349454e43494153204e41545552414c455320592045584143544153202d204d4154454dc38154494341533c2f4449563e),
(30, 30, 1, 0x3c444956207374796c653d27746578742d616c69676e3a206c656674273e3c554c3e3c4c493e494e47454e4945524f20454c454354524f4d4543414e49434f204f5249454e544143494f4e20454c45435452c3934e494341202d202045737461646f20436f6d706c65746f3c2f4c493e3c2f554c3e3c4c4142454c3e3c423e457870657274696369613a3c2f423e3c2f4c4142454c3e3c4252202f3e496e67656e6965726f20656c65637472c3b36e69636f2c20696e666f726dc3a1746963613c4252202f3e3c4c4142454c3e3c423ec3817265612064652061637475616369c3b36e3a3c2f423e3c2f4c4142454c3e3c4252202f3e494e47454e494552c38d41532059205445434e4f4c4f47c38d4153202d20494e47454e494552c38d4120454cc3894354524943412c20494e47454e494552c38d4120454c45435452c3934e494341204520494e47454e494552c38d41204445204c4120494e464f524d414349c3934e3c2f4449563e),
(31, 31, 1, 0x3c444956207374796c653d27746578742d616c69676e3a206c656674273e3c554c3e3c2f554c3e3c4c4142454c3e3c423e457870657274696369613a3c2f423e3c2f4c4142454c3e3c4252202f3e496e67656e6965726f20656e2073697374656d61732c20636f6e20657870657269656e63696120656e20656c20617265612064652073697374656d6173206f706572617469766f732c20656e20657370656369616c20656e746f726e6f73206c696e75782e696e76657374696761646f7220656e207265706f7369746f72696f73206469676974616c65732c20656e20656c206172656120646520696e7465726f7065726162696c696461642079206d6574616461746f733c4252202f3e3c4c4142454c3e3c423ec3817265612064652061637475616369c3b36e3a3c2f423e3c2f4c4142454c3e3c4252202f3e494e47454e494552c38d41532059205445434e4f4c4f47c38d4153202d20494e47454e494552c38d4120454cc3894354524943412c20494e47454e494552c38d4120454c45435452c3934e494341204520494e47454e494552c38d41204445204c4120494e464f524d414349c3934e3c2f4449563e),
(32, 32, 1, 0x3c444956207374796c653d27746578742d616c69676e3a206c656674273e3c554c3e3c2f554c3e3c4c4142454c3e3c423e457870657274696369613a3c2f423e3c2f4c4142454c3e3c4252202f3e4d65206465736172726f6c6c6520656e20756e20617265612064652073697374656d6173206772616e64652c207061736520706f7220746f646173206c61732061726561732064652073697374656d61733a20696e667265657374727563747572612c2064622c207365727669646f7265732c20736f706f7274652c2070726f6772616d6163696f6e20792064697365c3b16f2e204c7565676f2064652031352061c3b16f732064652074726162616a6f2079206772616e64652070726f796563746f732064652073697374656d6173206c6f6772652073657220676572656e74652064652073697374656d6173206465206669617420617267656e74696e612073613c4252202f3e3c4c4142454c3e3c423ec3817265612064652061637475616369c3b36e3a3c2f423e3c2f4c4142454c3e3c4252202f3e494e47454e494552c38d41532059205445434e4f4c4f47c38d4153202d20494e47454e494552c38d4120454cc3894354524943412c20494e47454e494552c38d4120454c45435452c3934e494341204520494e47454e494552c38d41204445204c4120494e464f524d414349c3934e3c2f4449563e),
(33, 33, NULL, 0x3c444956207374796c653d27746578742d616c69676e3a206c656674273e3c554c3e3c4c493e4c4943454e434941444f20454e20414ec3814c495349532044452053495354454d4153202d202045737461646f20436f6d706c65746f3c2f4c493e3c2f554c3e3c4c4142454c3e3c423e457870657274696369613a3c2f423e3c2f4c4142454c3e3c4252202f3e556e697665727369646164206e6163696f6e616c206465206368696c656369746f2e32303037203f2032303039617265613a20202020202061636164c3a96d6963612e66756e6369c3b36e3a2061797564616e7465202862617365206465206461746f7320286d7973716c29206a6566652064652074726162616a6f73207072c3a1637469636f73202862617365206465206461746f73203f2054616c6c65722064652070726f6772616d616369c3b36e20286a73652862c3a17369636f2b20636f6e65636369c3b36e2062617365206465206461746f73202d6a64626329292029756e697665727369646164206e6163696f6e616c206465206368696c656369746f2e32303039203f2032303130617265613a20202020202061636164c3a96d6963612e66756e6369c3b36e3a206a6566652064652074726162616a6f73207072c3a1637469636f73202874616c6c65722064652070726f6772616d616369c3b36e20286a61766120286a73652862c3a17369636f2b20636f6e65636369c3b36e2062617365206465206461746f73202d6a64626329292029292029756e697665727369646164206e6163696f6e616c206465206368696c656369746f2e32303131203f2050726573656e7465617265613a20202020202061636164c3a96d6963612e66756e6369c3b36e3a206a747020286c656e6775616a65732064652070726f6772616d616369c3b36e2069696920792074616c6c65722064652070726f6772616d616369c3b36e20696920286a61766120286a65652862c3a17369636f2b20636f6e65636369c3b36e2062617365206465206461746f73202d6a64626329292029292029756e697665727369646164206e6163696f6e616c206465206368696c656369746f2e32303131203f2050726573656e7465617265613a20202020202061636164c3a96d6963612e66756e6369c3b36e3a206a7470202873656d696e6172696f206969692028616e67756c6172202c20696f6e69632920293c4252202f3e3c4c4142454c3e3c423ec3817265612064652061637475616369c3b36e3a3c2f423e3c2f4c4142454c3e3c4252202f3e4349454e43494153204e41545552414c455320592045584143544153202d204349454e43494153204445204c4120434f4d505554414349c3934e204520494e464f524d414349c3934e3c2f4449563e),
(34, 34, 2, 0x3c444956207374796c653d27746578742d616c69676e3a206c656674273e3c554c3e3c4c493e434f4e5441444f522050c39a424c49434f202d202045737461646f20436f6d706c65746f3c2f4c493e3c4c493e455350454349414c4953544120454e20444f43454e43494120554e4956455253495441524941202d202045737461646f20436f6d706c65746f3c2f4c493e3c4c493e4d4147495354455220454e204349454e4349412c205445434e4f4c4f47c38d41205920534f434945444144202d202045737461646f20436f6d706c65746f3c2f4c493e3c2f554c3e3c4c4142454c3e3c423e457870657274696369613a3c2f423e3c2f4c4142454c3e3c4252202f3e456c20636f6e6f63696d69656e746f2061647175697269646f20656e206c61206d6165737472c3ac6120736f627265206369656e6369612c7465636e6f6c6f67c3ad61207920736f636965646164206d65206861207065726d697469646f20696e7365727461726d65206c61626f72616c6d656e746520656e206c61207365637265746172c3ac6120646520637974206465206c6120756e6976657273696461642c206d616e656a616e646f20636f6e206d61796f72206566696369656e636961206173706563746f732072656c6163696f6e61646f7320636f6e206c6173206163746976696461646573206465206765737469c3b26e2071756520656e20c3a973746120c3a0726561207365206465736172726f6c6c616e2c206164656dc3a0732064656c2063617564616c20646520636f6e6f63696d69656e746f732071756520707565646f20636f6d70617274697220656e206c6120646f63656e636961207920656e206c6120696e766573746967616369c3b26e3c4252202f3e3c4c4142454c3e3c423ec3817265612064652061637475616369c3b36e3a3c2f423e3c2f4c4142454c3e3c4252202f3e4349454e4349415320534f4349414c4553202d2045434f4e4f4dc38d412059204e45474f43494f533c2f4449563e),
(35, 35, 4, 0x3c444956207374796c653d27746578742d616c69676e3a206c656674273e3c554c3e3c4c493e494e47454e4945524f20444520504554524f4c454f53202d202045737461646f20436f6d706c65746f3c2f4c493e3c4c493e4d414553545249412050415241204c4120454e5345c391414e5a41204445204c4153204349454e434941532045584143544153204d454e4349c3934e205155c38d4d494341202d202045737461646f20496e636f6d706c65746f3c2f4c493e3c2f554c3e3c4c4142454c3e3c423e457870657274696369613a3c2f423e3c2f4c4142454c3e3c4252202f3e496e67656e6965726f20696e207369747520706572666f72616369c3b36e20646520636f6d7061c3b1c3ad6120746563706574726f6c202874656368696e7429206465736465203139393720616c20313939392e202050726f6665736f722064652065736375656c6120736563756e64617269612064652063616d70616e6173206470746f2066616d6174696e61206c612072696f6a6120656e206669736963612c206d6174656d61746963612079207175696d696361206465736465203230303220686173746120323031322e202050726f6665736f72206a7470206465207175c3ad6d6963612067656e6572616c206520696e6f7267c3a16e69636120656e206167726f6e6f6d696120756e64656320646573646520323030352061206c612066656368612e202050726f6665736f722064652066c3ad7369636f207175c3ad6d69636120756e64656320646573646520323031302061206c612066656368612e3c4252202f3e3c4c4142454c3e3c423ec3817265612064652061637475616369c3b36e3a3c2f423e3c2f4c4142454c3e3c4252202f3e4349454e43494153204e41545552414c455320592045584143544153202d204349454e43494153205155c38d4d494341533c2f4449563e),
(36, 36, 5, 0x3c444956207374796c653d27746578742d616c69676e3a206c656674273e3c554c3e3c4c493e494e47454e4945524f20454c45435452c3934e49434f202d202045737461646f20436f6d706c65746f3c2f4c493e3c4c493e4d4147495354455220454e20494e46524dc38154494341202d202045737461646f20496e636f6d706c65746f3c2f4c493e3c2f554c3e3c4c4142454c3e3c423e457870657274696369613a3c2f423e3c2f4c4142454c3e3c4252202f3e2d6d6920666f726d616369c3b36e2070726f666573696f6e616c20636f6d6f20696e67656e6965726f20656c65637472c3b36e69636f206d65207065726d6974652064697365c3b161722c206465736172726f6c6c6172206520696e74657270726574617220746f646120636c61736520646520636972637569746f7320656c65637472c3b36e69636f732c2074616e746f20616e616cc3b36769636f7320636f6d6f206469676974616c65732c2070617261206469666572656e7465732070726f70c3b37369746f732028636f6e74726f6c2c20636f6d756e6963616369c3b36e2c20657463292e2020202d6d6520657370656369616c697a6f20656e20636f6e74726f6c3c4252202f3e3c4c4142454c3e3c423ec3817265612064652061637475616369c3b36e3a3c2f423e3c2f4c4142454c3e3c4252202f3e494e47454e494552c38d41532059205445434e4f4c4f47c38d4153202d20494e47454e494552c38d4120454cc3894354524943412c20494e47454e494552c38d4120454c45435452c3934e494341204520494e47454e494552c38d41204445204c4120494e464f524d414349c3934e3c2f4449563e),
(37, 37, 3, 0x3c444956207374796c653d27746578742d616c69676e3a206c656674273e3c554c3e3c4c493e494e47454e4945524f20454e2053495354454d415320444520494e464f524d414349c3934e202d202045737461646f20436f6d706c65746f2c204c4943454e434941444f20454e2053495354454d415320444520494e464f524d414349c3934e202d202045737461646f20436f6d706c65746f3c2f4c493e3c4c493e41435455414c495a414349c3934e20454e20494e47454e494552c38d4120454e2053495354454d415320444520494e464f524d414349c3934e202d202045737461646f20436f6d706c65746f3c2f4c493e3c4c493e444f43544f5220454e20454e5345c391414e5a41204445204c4153204349454e434941532059204c41205445434e4f4c4f47c38d41202d202045737461646f20436f6d706c65746f3c2f4c493e3c2f554c3e3c4c4142454c3e3c423e457870657274696369613a3c2f423e3c2f4c4142454c3e3c4252202f3e496e67656e6965726f20656e2073697374656d617320646520696e666f726d616369c3b36e20756e697665727369646164207465636e6f6cc3b367696361206e6163696f6e616c20666163756c74616420726567696f6e616c206d656e646f7a612e204c7565676f20736520646f63746f72c3b320656e206c6120756e697665727369646164206465206772616e6164612065737061c3b1612e20446f63746f7220656e20656e7365c3b1616e7a61206465206c6173206369656e636961732079206c61207465636e6f6c6f67c3ad612e20446f63656e7465206520696e76657374696761646f722063617465676f72c3ad612027612720656e206c612075746e2d66726d2e204469726563746f7220646520c3a17265612067726964746963732075746e2028677275706f20646520696e766573746967616369c3b36e2079206465736172726f6c6c6f206465207465636e6f6c6f67c3ad6173206465206c6120696e666f726d616369c3b36e207920636f6d756e69636163696f6e6573292e205061727469636970616e746520656e2070726f796563746f7320646520696e766573746967616369c3b36e2079206465736172726f6c6c6f206e6163696f6e616c6573206520696e7465726e6163696f6e616c65732e20436f6e73756c746f7220656e206f7267616e69736d6f7320696e7465726e6163696f6e616c65732e20507265736964656e7465206465206369726f70652e20532e612e204d69656d62726f206465206169612d6374732e20323030362d3230313520616468657269646f2061206c612064c3a96361646120706f7220756e612065647563616369c3b36e2070617261206c6120736f7374656e6962696c696461642e2032303135202d636f6e74696e756120616468657269646f20616c2070726f6772616d612064652061636369c3b36e20676c6f62616c20756e20636f6d70726f6d69736f2072656e6f7661646f20706f72206c612065647563616369c3b36e2070617261206c6120736f7374656e6962696c696461642e204d69656d62726f20646520636f6d6974c3a9206369656e74c3ad6669636f732e2032303132207075626c6963616369c3b36e2064656c206c6962726f20696e6e6f76616369c3b36e20656e206c6120656e7365c3b1616e7a61206465206c61207465636e6f6c6f67c3ad612e205065727370656374697661206374732e20456469746f7269616c2061636164c3a96d6963612065737061c3b16f6c612e2032303135207075626c6963616369c3b36e2064656c206c6962726f20696e7665737469676163696f6e657320656e20656e7365c3b1616e7a61206465206c6173206369656e636961732079206c61207465636e6f6c6f67c3ad612c20636170c3ad74756c6f20342c20656469746f7269616c20756e697665727369646164206465206772616e6164613c4252202f3e3c4c4142454c3e3c423ec3817265612064652061637475616369c3b36e3a3c2f423e3c2f4c4142454c3e3c4252202f3e4349454e43494153204e41545552414c455320592045584143544153202d204349454e43494153204445204c4120434f4d505554414349c3934e204520494e464f524d414349c3934e3c2f4449563e),
(38, 38, 3, 0x3c444956207374796c653d27746578742d616c69676e3a206c656674273e3c554c3e3c4c493e4c4943454e434941444f20454e2045434f4e4f4dc38d41202d202045737461646f20436f6d706c65746f3c2f4c493e3c4c493e444f43544f5220454e204349454e434941532045434f4ec3934d49434153202d204d454e4349c3934e2045434f4e4f4dc38d41202d202045737461646f20436f6d706c65746f3c2f4c493e3c2f554c3e3c4c4142454c3e3c423e457870657274696369613a3c2f423e3c2f4c4142454c3e3c4252202f3e54656f72c3ad61206d6f6e65746172696120792065636f6e6f6dc3ad61206465206c6120726567756c616369c3b36e2e20506f6cc3ad746963612064652062616e636f732063656e7472616c65732c2065666563746f73206d6163726f65636f6ec3b36d69636f73206465206c617320706f6cc3ad74696361732064656c2062616e636f2063656e7472616c2e2020526567756c616369c3b36e20646520736572766963696f732070c3ba626c69636f732c2064657465726d696e616369c3b36e20646520746172696661732e3c4252202f3e3c4c4142454c3e3c423ec3817265612064652061637475616369c3b36e3a3c2f423e3c2f4c4142454c3e3c4252202f3e4349454e4349415320534f4349414c4553202d2045434f4e4f4dc38d412059204e45474f43494f533c2f4449563e),
(39, 39, 4, 0x3c444956207374796c653d27746578742d616c69676e3a206c656674273e3c554c3e3c2f554c3e3c4c4142454c3e3c423e457870657274696369613a3c2f423e3c2f4c4142454c3e3c4252202f3e496e67656e6965726f20656e2074656c65636f6d756e69636163696f6e657320657370656369616c697a61646f20656e2074656c65696e666f726dc3a1746963613c4252202f3e3c4c4142454c3e3c423ec3817265612064652061637475616369c3b36e3a3c2f423e3c2f4c4142454c3e3c4252202f3e494e47454e494552c38d41532059205445434e4f4c4f47c38d4153202d20494e47454e494552c38d4120454cc3894354524943412c20494e47454e494552c38d4120454c45435452c3934e494341204520494e47454e494552c38d41204445204c4120494e464f524d414349c3934e3c2f4449563e),
(40, 40, NULL, 0x3c444956207374796c653d27746578742d616c69676e3a206c656674273e3c554c3e3c4c493e4c4943454e434941444f20454e20414ec3814c495349532044452053495354454d4153202d202045737461646f20436f6d706c65746f3c2f4c493e3c2f554c3e3c4c4142454c3e3c423e457870657274696369613a3c2f423e3c2f4c4142454c3e3c4252202f3e41637475616c6d656e7465206d6520656e6375656e74726f206120636172676f2064656c20c3a172656120646520696e6672616573747275637475726120646520726564207920636f6d756e69636163696f6e6573206465206c6120756e697665727369646164206e6163696f6e616c206465206368696c656369746f2e204164656d617320736f7920646f63656e7465206465206c61732063c3a174656472617320646520726564657320692c2073656775726964616420656e2061706c69636163696f6e657320776562207920706572696369617320696e666f726dc3a1746963617320792074656c65636f6d756e69636163696f6e65732e3c4252202f3e3c4c4142454c3e3c423ec3817265612064652061637475616369c3b36e3a3c2f423e3c2f4c4142454c3e3c4252202f3e4349454e43494153204e41545552414c455320592045584143544153202d204349454e43494153204445204c4120434f4d505554414349c3934e204520494e464f524d414349c3934e3c2f4449563e);
INSERT INTO `docente` (`id`, `persona_id`, `categoria`, `descripcion`) VALUES
(41, 41, 3, 0x3c444956207374796c653d27746578742d616c69676e3a206c656674273e3c554c3e3c4c493e4c4943454e434941444f20454e2053495354454d4153202d202045737461646f20436f6d706c65746f3c2f4c493e3c4c493e455350454349414c4953544120454e20454e544f524e4f53205649525455414c455320444520415052454e44495a414a45202d202045737461646f20436f6d706c65746f3c2f4c493e3c4c493e4d4147495354455220454e20494e464f524dc38154494341202d202045737461646f20496e636f6d706c65746f3c2f4c493e3c2f554c3e3c4c4142454c3e3c423e457870657274696369613a3c2f423e3c2f4c4142454c3e3c4252202f3e54c3a9636e69636f20656e20656c65637472c3b36e6963612e204c6963656e636961646f20656e2073697374656d61732c20696e7374727563746f7220636973636f2063636e612c20657370656369616c6973746120656e20656e746f726e6f73207669727475616c657320646520617072656e64697a616a652079206d6167697374657220656e20696e666f726dc3a17469636120287465736973292e20496e76657374696761646f72207920646f63656e74652028756e64656329206465207465636e6f6c6f67c3ad617320646520636f6d756e69636163696f6e657320287265646573206465206461746f73292079207465636e6f6c6f67c3ad61732061706c69636164617320612070726f6365736f7320646520656e7365c3b1616e7a612d617072656e64697a616a6520656e2065647563616369c3b36e207375706572696f722e2020436f6f7264696e61646f722064656c20c3a1726561207465636e6f6c6f67c3ad6173206465206c6120696e666f726d616369c3b36e2079206c6120636f6d756e6963616369c3b36e20656e206c612065647563616369c3b36e2028746963652920656e20756e6465632e204d69656d62726f206465206c61207275656461202872656420756e69766572736974617269612064652065647563616369c3b36e20612064697374616e63696120646520617267656e74696e61292e204d69656d62726f206465206c6120636f6d697369c3b36e2064652065647563616369c3b36e20612064697374616e6369612064652061757361202861736f6369616369c3b36e20646520756e69766572736964616465732073757220616e64696e61292c20746974756c61722064656c20677275706f206465206765737469c3b36e207465636e6f6cc3b3676963612c20636f6f7264696e61646f72206c6f63616c2064656c2073656d696e6172696f20646520706f73677261646f20276c6173207465636e6f6c6f67c3ad6173206564756361746976617320656e20656e746f726e6f73207669727475616c65732720636f6e206d6f64616c6964616420612064697374616e6369612079206d69656d62726f2064656c20636f6d6974c3a9207265646163746f72206465206c61206d6165737472c3ad6120656e20656e7365c3b1616e7a6120656e20657363656e6172696f73206469676974616c65732e20436f6c61626f7261646f72206465206c61206765737469c3b36e2061636164c3a96d6963612e205265666572656e74652074c3a9636e69636f2c20726573706f6e7361626c6520696e737469747563696f6e616c2c2061646d696e6973747261646f722064656c2073697374656d6120646520616372656469746163696f6e657320636f6e6561752079206d69656d62726f206465206c6120636f6d697369c3b36e20646520616372656469746163696f6e657320646520636172726572617320646520677261646f207920706f73677261646f2e3c4252202f3e3c4c4142454c3e3c423ec3817265612064652061637475616369c3b36e3a3c2f423e3c2f4c4142454c3e3c4252202f3e4349454e43494153204e41545552414c455320592045584143544153202d204349454e43494153204445204c4120434f4d505554414349c3934e204520494e464f524d414349c3934e2c20494e47454e494552c38d41532059205445434e4f4c4f47c38d4153202d20494e47454e494552c38d4120454cc3894354524943412c20494e47454e494552c38d4120454c45435452c3934e494341204520494e47454e494552c38d41204445204c4120494e464f524d414349c3934e2c204349454e4349415320534f4349414c4553202d204349454e43494153204445204c412045445543414349c3934e3c2f4449563e),
(42, 42, 4, 0x3c444956207374796c653d27746578742d616c69676e3a206c656674273e3c554c3e3c4c493e4c4943454e434941444f20454e20414ec3814c495349532044452053495354454d4153202d202045737461646f20436f6d706c65746f3c2f4c493e3c2f554c3e3c4c4142454c3e3c423e457870657274696369613a3c2f423e3c2f4c4142454c3e3c4252202f3e53697374656d61732c20696e666f726d61746963612e2052656465732c2073697374656d6173206f706572617469766f732c2065647563616369c3b36e3c4252202f3e3c4c4142454c3e3c423ec3817265612064652061637475616369c3b36e3a3c2f423e3c2f4c4142454c3e3c4252202f3e4349454e43494153204e41545552414c455320592045584143544153202d204349454e43494153204445204c4120434f4d505554414349c3934e204520494e464f524d414349c3934e3c2f4449563e),
(43, 43, 1, 0x3c444956207374796c653d27746578742d616c69676e3a206c656674273e3c554c3e3c4c493e4c4943454e434941444120454e204349454e43494153204445204c412045445543414349c3934e20434f4e20455350454349414c495a414349c3934e20454e20504c414e45414d49454e544f2c20535550455256495349c3934e20592041444d494e49535452414349c3934e20454455434154495641202d202045737461646f20436f6d706c65746f2c2050524f4645534f524120454e204349454e43494153204445204c412045445543414349c3934e202d202045737461646f20436f6d706c65746f3c2f4c493e3c4c493e444f43544f5220454e20504f4cc38d544943412059204745535449c3934e204445204c412045445543414349c3934e205355504552494f52202d202045737461646f20496e636f6d706c65746f3c2f4c493e3c2f554c3e3c4c4142454c3e3c423e457870657274696369613a3c2f423e3c2f4c4142454c3e3c4252202f3e536f79206c6963656e6369616461202c2070726f6665736f7261207920657370656369616c6973746120656e206369656e63696173206465206c612065647563616369c3b36e2e204d6520686520646573656d7065c3b161646f20636f6d6f20646f63656e746520656e206e6976656c207375706572696f72207920756e697665727369746172696f20636f6d6f20646f63656e74652079206f637570616e646f20636172676f73206465206765737469c3b36e20756e697665727369746172696120636f6d6f206469726563746f726120646520636172726572617320792061637475616c6d656e7465206469726563746f726120646520646570617274616d656e746f207920636f6e73656a657261207375706572696f722e2054656e676f20616374697661207061727469636970616369c3b36e2020656e2070726f796563746f7320646520696e766573746967616369c3b36e2c20657874656e7369c3b36e2c206172746963756c616369c3b36e207920646972656363696f6e65732064652070726f796563746f7320656e206c6f732064697374696e746f732070726f6772616d6173206465206c6173207370752e20536f7920646f63656e746520696e76657374696761646f72612063617465676f72696120763c4252202f3e3c4c4142454c3e3c423ec3817265612064652061637475616369c3b36e3a3c2f423e3c2f4c4142454c3e3c4252202f3e4349454e4349415320534f4349414c4553202d204349454e43494153204445204c412045445543414349c3934e3c2f4449563e),
(44, 44, 4, 0x3c444956207374796c653d27746578742d616c69676e3a206c656674273e3c554c3e3c4c493e41424f4741444f202d202045737461646f20436f6d706c65746f3c2f4c493e3c2f554c3e3c4c4142454c3e3c423e457870657274696369613a3c2f423e3c2f4c4142454c3e3c4252202f3e466f726d616369c3b36e20656e206465726563686f732064656c20636f6e73756d69646f723c4252202f3e3c4c4142454c3e3c423ec3817265612064652061637475616369c3b36e3a3c2f423e3c2f4c4142454c3e3c4252202f3e4349454e4349415320534f4349414c4553202d204445524543484f3c2f4449563e),
(45, 45, 1, 0x3c444956207374796c653d27746578742d616c69676e3a206c656674273e3c554c3e3c4c493e494e47454e4945524f20454e2053495354454d415320444520494e464f524d414349c3934e202d202045737461646f20436f6d706c65746f3c2f4c493e3c4c493e4d4147495354455220454e20494e464f524dc38154494341202d202045737461646f20496e636f6d706c65746f3c2f4c493e3c2f554c3e3c4c4142454c3e3c423e457870657274696369613a3c2f423e3c2f4c4142454c3e3c4252202f3e496e67656e696572c3ad6120646520736f667477617265202d206167726f6dc3a174696361202d207265642064652073656e736f726573202d2073697374656d617320646520726965676f3c4252202f3e3c4c4142454c3e3c423ec3817265612064652061637475616369c3b36e3a3c2f423e3c2f4c4142454c3e3c4252202f3e494e47454e494552c38d41532059205445434e4f4c4f47c38d4153202d20494e47454e494552c38d4120454cc3894354524943412c20494e47454e494552c38d4120454c45435452c3934e494341204520494e47454e494552c38d41204445204c4120494e464f524d414349c3934e3c2f4449563e),
(46, 46, 3, 0x3c444956207374796c653d27746578742d616c69676e3a206c656674273e3c554c3e3c4c493e50524f4645534f524120454e204d4154454dc38154494341202d202045737461646f20436f6d706c65746f2c2050524f4645534f524120454e204d4154454dc381544943412050415241204c4120454e5345c391414e5a4120534543554e4441524941202d202045737461646f20436f6d706c65746f3c2f4c493e3c2f554c3e3c4c4142454c3e3c423e457870657274696369613a3c2f423e3c2f4c4142454c3e3c4252202f3e536f792070726f6665736f726120656e206d6174656dc3a1746963612070617261206c6120656e7365c3b1616e7a6120736563756e646172696120792070726f6665736f726120656e206d6174656dc3a1746963612c20616d626f732074c3ad74756c6f7320657870656469646f7320706f72206c6120666163756c746164206465206d6174656dc3a1746963612c20617374726f6e6f6dc3ad6120792066c3ad73696361202866616d61662920646570656e6469656e7465206465206c6120756e697665727369646164206e6163696f6e616c2064652063c3b372646f62612e736f79206164656dc3a17320657370656369616c6973746120646f63656e7465206465206e6976656c207375706572696f7220656e2065647563616369c3b36e2079207469632e6d6520646573656d7065c3b16f20636f6d6f20646f63656e746520656e206c6120756e697665727369646164206e6163696f6e616c206465206368696c656369746f20656e206c6173206361727265726173206c6963656e6369617475726120656e2073697374656d61732c20696e67656e696572c3ad6120656e2073697374656d61732c206c6963656e6369617475726120656e2065636f6e6f6dc3ad612e2054616d6269c3a96e20736f7920646f63656e74652064656c2070726f6665736f7261646f2064652065647563616369c3b36e20736563756e6461726961206465206d6174656dc3a1746963612064656c20696e7374697475746f207375706572696f7220646520666f726d616369c3b36e20646f63656e7465206a6f617175c3ad6e20762e20476f6e7ac3a16c657a206465206368696c656369746f2c2070726f76696e636961206465206c612072696f6a612e3c4252202f3e3c4c4142454c3e3c423ec3817265612064652061637475616369c3b36e3a3c2f423e3c2f4c4142454c3e3c4252202f3e4349454e43494153204e41545552414c455320592045584143544153202d204d4154454dc38154494341533c2f4449563e),
(47, 47, 4, 0x3c444956207374796c653d27746578742d616c69676e3a206c656674273e3c554c3e3c4c493e494e47454e4945524f20454e2053495354454d4153202d202045737461646f20436f6d706c65746f2c204c4943454e434941444f20454e2053495354454d4153202d202045737461646f20436f6d706c65746f3c2f4c493e3c2f554c3e3c4c4142454c3e3c423e457870657274696369613a3c2f423e3c2f4c4142454c3e3c4252202f3e2d6d6920666f726d616369c3b36e2070726f666573696f6e616c206d65207065726d697465207265616c697a6172206c6120636f6e73747275636369c3b36e20646520736f6674776172652c206465736465206c6f7320726571756572696d69656e746f732064656c20636c69656e746520616c20736f667477617265207465726d696e61646f2e20436f6e20636f6e6f63696d69656e746f7320656e2074656c656dc3a1746963612c2070726f6772616d616369c3b36e2079206261736573206465206461746f732e2d4d6520657370656369616c697a6f20656e207365727669646f726573207920736572766963696f7320646520696e667261657374727563743c4252202f3e3c4c4142454c3e3c423ec3817265612064652061637475616369c3b36e3a3c2f423e3c2f4c4142454c3e3c4252202f3e4349454e43494153204e41545552414c455320592045584143544153202d204349454e43494153204445204c4120434f4d505554414349c3934e204520494e464f524d414349c3934e3c2f4449563e),
(48, 48, 3, 0x3c444956207374796c653d27746578742d616c69676e3a206c656674273e3c554c3e3c4c493e494e47454e4945524f20454e2053495354454d415320444520494e464f524d414349c3934e202d202045737461646f20436f6d706c65746f3c2f4c493e3c2f554c3e3c4c4142454c3e3c423e457870657274696369613a3c2f423e3c2f4c4142454c3e3c4252202f3e48652074726162616a61646f20706f72206dc3a1732064652032302061c3b16f7320656e206c6120696e64757374726961207465636e6f6cc3b3676963612c20656e206dc3ba6c7469706c65732070726f796563746f732074616e746f2064656c20736563746f72207072697661646f20636f6d6f2070c3ba626c69636f2c20696d706c656d656e74616e646f20736f6c7563696f6e6573206465206261736573206465206461746f7320736f627265207465636e6f6c6f67c3ad6173206f7261636c6520792068706520636f6e20657863656c656e74657320726573756c7461646f732c20736f62726520746f646f20656e2070726f796563746f73206465206d697369c3b36e206372c3ad746963612e2041637475616c6d656e746520736f79206469726563746f72206465207465636e6f6c6f67c3ad61206465206b756e616e2073612c20636f6e206261736520656e2063c3b372646f62612c20617267656e74696e612c20656d7072657361207175652066756e64616d6f7320636f6e206d617263656c6f206269616e63686920792064616e69656c20696261c3b1657a2c20656e20656c2061c3b16f20323030362c207920646f6e6465202066756e64616d6f7320656c207370696e2d6f6666207777772e64626172656d6f746f2e636f6d206d656469616e7465206375616c2070726f7665656d6f7320736572766963696f73206465206261736573206465206461746f7320612072656e6f6d62726164617320656d70726573617320646520617267656e74696e612079206c6174696e6f616dc3a9726963612e20446573646520656c2061c3b16f203230313520736f6d6f7320706172746e6572732064652068706520656e74657270726973652c206272696e64616e646f20636f6e73756c746f72c3ad6120736f627265206c617320736f6c7563696f6e65732064652062696720646174612c207072696e636970616c6d656e746520736f627265206c612062617365206465206461746f7320766572746963612e74656e676f206dc3a1732064652031302061c3b16f7320646520657870657269656e63696120636f6d6f20696e7374727563746f7220636572746966696361646f20656e206c612063617272657261206465206261736573206465206461746f73206f7261636c6520656e206c6120756e697665727369646164207465636e6f6cc3b367696361206e6163696f6e616c207920736f792070726f6665736f72206520696e76657374696761646f72206465206261736573206465206461746f732c20656e206c6120756e697665727369646164206e6163696f6e616c206465206368696c656369746f2c20646f6e64652074616d6269c3a96e20736f79206d69656d62726f206465206c6120636f6d697369c3b36e20637572726963756c6172206465206c61732063617272657261732064652073697374656d61732e3c4252202f3e3c4c4142454c3e3c423ec3817265612064652061637475616369c3b36e3a3c2f423e3c2f4c4142454c3e3c4252202f3e494e47454e494552c38d41532059205445434e4f4c4f47c38d4153202d20494e47454e494552c38d4120454cc3894354524943412c20494e47454e494552c38d4120454c45435452c3934e494341204520494e47454e494552c38d41204445204c4120494e464f524d414349c3934e3c2f4449563e),
(49, 49, 4, 0x3c444956207374796c653d27746578742d616c69676e3a206c656674273e3c554c3e3c4c493e434f4e5441444f52412050c39a424c494341202d202045737461646f20436f6d706c65746f3c2f4c493e3c4c493e455350454349414c495a414349414c4953544120454e20454e544f524e4f53205649525455414c455320444520415052454e44495a414a45202d202045737461646f20436f6d706c65746f2c204449504c4f4d414441205355504552494f5220454e2045445543414349c3934e2059204e5545564153205445434e4f4c4f47c38d4153202d202045737461646f20436f6d706c65746f3c2f4c493e3c2f554c3e3c4c4142454c3e3c423e457870657274696369613a3c2f423e3c2f4c4142454c3e3c4252202f3e4d6920666f726d616369c3b36e206465206261736520657320656e206369656e636961732065636f6ec3b36d696361732c2079206d6520646573656d7065c3b16f20636f6d6f2070726f666573696f6e616c20696e646570656e6469656e746520792070726f6665736f726120756e69766572736974617269612e202020456e20656c2063616d706f2061636164c3a96d69636f206d6520657370656369616c697a6f20656e206576616c75616369c3b36e2064652070726f796563746f7320646520696e7665727369c3b36e207920656e2065647563616369c3b36e2079206e7565766173207465636e6f6c6f67c3ad61732e205061726120656c6c6f20656d706c656f2074c3a9636e69636173206573746164c3ad73746963617320646573637269707469766173206520696e666572656e6369616c2e3c4252202f3e3c4c4142454c3e3c423ec3817265612064652061637475616369c3b36e3a3c2f423e3c2f4c4142454c3e3c4252202f3e4349454e4349415320534f4349414c4553202d2045434f4e4f4dc38d412059204e45474f43494f533c2f4449563e),
(50, 50, 3, 0x3c444956207374796c653d27746578742d616c69676e3a206c656674273e3c554c3e3c4c493e50524f4645534f5220454e2045434f4e4f4dc38d41202d202045737461646f20436f6d706c65746f2c20494e47454e4945524f204d4554414cc39a524749434f202d202045737461646f20436f6d706c65746f3c2f4c493e3c2f554c3e3c4c4142454c3e3c423e457870657274696369613a3c2f423e3c2f4c4142454c3e3c4252202f3e4573747564696f73206465206dc3a9746f646f7320636f6d7075746163696f6e616c65732c2074656f72c3ad61206465206c6120636f6d707574616369c3b36e2c2074656f72c3ad61206465206a7565676f733c4252202f3e3c4c4142454c3e3c423ec3817265612064652061637475616369c3b36e3a3c2f423e3c2f4c4142454c3e3c4252202f3e4349454e43494153204e41545552414c455320592045584143544153202d204d4154454dc38154494341533c2f4449563e),
(51, 51, 3, 0x3c444956207374796c653d27746578742d616c69676e3a206c656674273e3c554c3e3c4c493e494e47454e4945524f20434956494c202d202045737461646f20436f6d706c65746f3c2f4c493e3c2f554c3e3c4c4142454c3e3c423e457870657274696369613a3c2f423e3c2f4c4142454c3e3c4252202f3e496e67656e696572c3ad6120636976696c206d616e656a6f2064652073697374656d617320646520726965676f207920646973747269746f7320646520726965676f3c4252202f3e3c4c4142454c3e3c423ec3817265612064652061637475616369c3b36e3a3c2f423e3c2f4c4142454c3e3c4252202f3e494e47454e494552c38d41532059205445434e4f4c4f47c38d4153202d20494e47454e494552c38d4120434956494c3c2f4449563e),
(52, 52, 3, 0x3c444956207374796c653d27746578742d616c69676e3a206c656674273e3c554c3e3c4c493e434f4e5441444f52205055424c49434f202d202045737461646f20436f6d706c65746f3c2f4c493e3c2f554c3e3c4c4142454c3e3c423e457870657274696369613a3c2f423e3c2f4c4142454c3e3c4252202f3e4573747564696172206c6120696d706f7274616e636961206465206c6120636f6e746162696c696461642c207072696e636970616c6d656e7465206c6120636f6e746162696c6964616420676572656e6369616c206f20646520636f73746f7320636f6d6f2068657272616d69656e74612066756e64616d656e74616c2070617261206c6120746f6d61206465206465636973696f6e65732c2068616369656e646f2068696e63617069c3a920656e20206c61206e656365736964616420646520717565206c6173207065717565c3b161732079206d656469616e617320656d70726573617320696e636f72706f72656e20666f726d616c6d656e746520656e2073752065737472756374757261206f7267616e697a6163696f6e616c2070726f666573696f6e616c6573206964c3b36e656f7320656e206c61206d617465726961207061726120696e6372656d656e746172206c61206566696369656e636961207920656669636163696120656e206c612061646d696e69737472616369c3b36e206170756e74616e646f2061206c6f6772617220656c206465736172726f6c6c6f206465206c6120656d7072657361207920737520636f6d706574697469766964616420656e20656c206d65726361646f2e202020203c4252202f3e3c4c4142454c3e3c423ec3817265612064652061637475616369c3b36e3a3c2f423e3c2f4c4142454c3e3c4252202f3e4349454e4349415320534f4349414c4553202d2045434f4e4f4dc38d412059204e45474f43494f533c2f4449563e),
(53, 53, 5, 0x3c444956207374796c653d27746578742d616c69676e3a206c656674273e3c554c3e3c2f554c3e3c4c4142454c3e3c423e457870657274696369613a3c2f423e3c2f4c4142454c3e3c4252202f3e41637475616c6d656e746520636f6e20656c20636172676f20646520676572656e74652064652073697374656d6173207920636f6d756e69636163696f6e657320656e206c6120656d7072657361206167726f20616e64696e6120732e612c20656e20646f6e6465206d61796f726d656e7465206465736172726f6c6c6f2066756e63696f6e65732072656c61746976617320612061646d696e69737472616369c3b36e2064652070726f796563746f7320696e666f726dc3a17469636f732079206765737469c3b36e206465207265637572736f732e74616d6269c3a96e20746f646173206c61732066756e63696f6e65732072656c61746976617320616c20c3a17265613a20616e616c697374612066756e63696f6e616c2064652073697374656d61732c20636f6e6669677572616369c3b36e2c206d616e74656e696d69656e746f2079207265706172616369c3b36e2064652065717569706f732c2061646d696e6973747261646f72206465207265642c2061646d696e6973747261646f722064652062617365206465206461746f732c206574632e61636164656d6963616d656e7465206d6520646573656d7065c3b16f20636f6d6f20646f63656e74652061797564616e7465207072696d65726120656e206c6173206d617465726961732064652074726162616a6f2066696e616c2c2061756469746f7269612064652073697374656d61732c206765737469c3b36e2064652063616c696461643c4252202f3e3c4c4142454c3e3c423ec3817265612064652061637475616369c3b36e3a3c2f423e3c2f4c4142454c3e3c4252202f3e494e47454e494552c38d41532059205445434e4f4c4f47c38d4153202d20494e47454e494552c38d4120454cc3894354524943412c20494e47454e494552c38d4120454c45435452c3934e494341204520494e47454e494552c38d41204445204c4120494e464f524d414349c3934e3c2f4449563e),
(54, 54, 4, 0x3c444956207374796c653d27746578742d616c69676e3a206c656674273e3c554c3e3c4c493e494e47454e4945524f20454e2053495354454d4153202d202045737461646f20436f6d706c65746f3c2f4c493e3c4c493e4d4147495354455220454e20494e464f524dc38154494341202d202045737461646f20496e636f6d706c65746f3c2f4c493e3c2f554c3e3c4c4142454c3e3c423e457870657274696369613a3c2f423e3c2f4c4142454c3e3c4252202f3e4f7269656e74c3a9206d6920636172726572612070726f666573696f6e616c20686163696120656c206465736172726f6c6c6f20646520736f6674776172652e2020446f6d696e6f2074c3a9636e69636173206465206465736172726f6c6c6f2064652070726f6772616d6173206120616c746f206e6976656c207574696c697a616e646f206c656e6775616a65732064652070726f6772616d616369c3b36e20636f6d6f20632c2063232079206a6176612e20204865206465736172726f6c6c61646f20656e20636f6e6a756e746f2c2073697374656d6173206465206765737469c3b36e20756e697665727369746172696f732c20656e206c6120756e697665727369646164206e6163696f6e616c206465206368696c656369746f2e202054616d6269c3a96e20656e206d69206163747561722070726f666573696f6e616c20686520706172746963697061646f20656e2073697374656d6173206465207669727475616c697a616369c3b36e206465207365727669646f7265733c4252202f3e3c4c4142454c3e3c423ec3817265612064652061637475616369c3b36e3a3c2f423e3c2f4c4142454c3e3c4252202f3e4349454e43494153204e41545552414c455320592045584143544153202d204349454e43494153204445204c4120434f4d505554414349c3934e204520494e464f524d414349c3934e3c2f4449563e),
(55, 55, 5, 0x3c444956207374796c653d27746578742d616c69676e3a206c656674273e3c554c3e3c4c493e4c4943454e434941444120454e20414ec3814c495349532044452053495354454d41202d202045737461646f20436f6d706c65746f3c2f4c493e3c2f554c3e3c4c4142454c3e3c423e457870657274696369613a3c2f423e3c2f4c4142454c3e3c4252202f3e416ec3a16c6973697320792064697365c3b16f2064652073697374656d61732e20466f726d756c616369c3b36e2079206576616c75616369c3b36e2064652073697374656d617320696e666f726dc3a17469636f732e2041646d696e69737472616369c3b36e2064652070726f796563746f732064652073697374656d61732e3c4252202f3e3c4c4142454c3e3c423ec3817265612064652061637475616369c3b36e3a3c2f423e3c2f4c4142454c3e3c4252202f3e4349454e43494153204e41545552414c455320592045584143544153202d204349454e43494153204445204c4120434f4d505554414349c3934e204520494e464f524d414349c3934e3c2f4449563e),
(56, 56, 5, 0x3c444956207374796c653d27746578742d616c69676e3a206c656674273e3c554c3e3c4c493e4c4943454e434941444120454e2053495354454d4153202d202045737461646f20436f6d706c65746f3c2f4c493e3c4c493e455350454349414c4953544120454e20494e47454e494552c38d4120454e2043414c49444144202d202045737461646f20436f6d706c65746f3c2f4c493e3c4c493e4d4147495354455220454e20494e464f524dc38154494341202d202045737461646f20496e636f6d706c65746f3c2f4c493e3c2f554c3e3c4c4142454c3e3c423e457870657274696369613a3c2f423e3c2f4c4142454c3e3c4252202f3e41637475616c6d656e7465206d6520656e6375656e74726f207265616c697a616e646f206c61207465736973206465206d6167697374657220656e20696e666f726dc3a1746963612c206375727361646120656e206c6120756e697665727369646164206e6163696f6e616c2064652073616e206a75616e2e20c381726561206469736369706c696e61723a20696e67656e696572c3ad612064652072657175697369746f732e3c4252202f3e3c4c4142454c3e3c423ec3817265612064652061637475616369c3b36e3a3c2f423e3c2f4c4142454c3e3c4252202f3e4349454e43494153204e41545552414c455320592045584143544153202d204349454e43494153204445204c4120434f4d505554414349c3934e204520494e464f524d414349c3934e3c2f4449563e),
(57, 57, 3, 0x3c444956207374796c653d27746578742d616c69676e3a206c656674273e3c554c3e3c4c493e494e47454e4945524f20454e20454c45435452c3934e494341202d202045737461646f20436f6d706c65746f3c2f4c493e3c2f554c3e3c4c4142454c3e3c423e457870657274696369613a3c2f423e3c2f4c4142454c3e3c4252202f3e457870657269656e63696120656e20656c656374726f6e696361206465206175746f6d617469736d6f3c4252202f3e3c4c4142454c3e3c423ec3817265612064652061637475616369c3b36e3a3c2f423e3c2f4c4142454c3e3c4252202f3e494e47454e494552c38d41532059205445434e4f4c4f47c38d4153202d20494e47454e494552c38d4120454cc3894354524943412c20494e47454e494552c38d4120454c45435452c3934e494341204520494e47454e494552c38d41204445204c4120494e464f524d414349c3934e3c2f4449563e),
(58, 58, 4, 0x3c444956207374796c653d27746578742d616c69676e3a206c656674273e3c554c3e3c4c493e4c4943454e434941444f20454e2053495354454d4153202d202045737461646f20436f6d706c65746f2c204c4943454e434941444f20454e204d4154454d4154494341202d202045737461646f20496e636f6d706c65746f3c2f4c493e3c2f554c3e3c4c4142454c3e3c423e457870657274696369613a3c2f423e3c2f4c4142454c3e3c4252202f3e50726f6772616d61646f722c20646f63656e7465206465206d6174656dc3a174696361732c206462612e3c4252202f3e3c4c4142454c3e3c423ec3817265612064652061637475616369c3b36e3a3c2f423e3c2f4c4142454c3e3c4252202f3e4349454e43494153204e41545552414c455320592045584143544153202d204349454e43494153204445204c4120434f4d505554414349c3934e204520494e464f524d414349c3934e3c2f4449563e),
(59, 59, 3, 0x3c444956207374796c653d27746578742d616c69676e3a206c656674273e0d0a3c554c3e0d0a20203c4c493e494e47454e4945524f20454e20494e464f524d4154494341202d202045737461646f20436f6d706c65746f3c2f4c493e0d0a20203c4c493e4d4147495354455220454e20434f4d5055544143494f4e202d202045737461646f20436f6d706c65746f3c2f4c493e0d0a20203c4c493e444f43544f5220454e204349454e4349415320494e464f524dc3815449434153202d202045737461646f20436f6d706c65746f3c2f4c493e0d0a3c2f554c3e0d0a3c4c4142454c3e3c423e457870657274696369613a3c2f423e3c2f4c4142454c3e3c4252202f3e0d0a446f63746f7220656e204369656e6369617320496e666f726dc3a17469636173206465206c6120556e697665727369646164204e6163696f6e616c206465204c6120506c6174612028417267656e74696e61292e204d6167c3ad7374657220656e20436f6d707574616369c3b36e20706f72206c6120556e697665727369646164206465204c6f7320416e646573202856656e657a75656c61292e20496e67656e6965726f20656e20496e666f726dc3a174696361206465206c6120556e697665727369646164204e6163696f6e616c204578706572696d656e74616c2064656c2054c3a16368697261202856656e657a75656c61292e2050726f6665736f72206465206c6120556e697665727369646164204e6163696f6e616c204578706572696d656e74616c2064656c2054c3a16368697261202856656e657a75656c61292e204c6173206cc3ad6e65617320646520696e766573746967616369c3b36e20717565206465736172726f6c6c6f20736f6e3a204269626c696f7465636173204469676974616c65732c205265706f7369746f72696f7320496e737469747563696f6e616c65732c204765737469c3b36e206465206c6120496e666f726d616369c3b36e2c20436f6d70696c61646f726573206520496e74c3a9727072657465732079204465736172726f6c6c6f20646520536f6674776172652e204c617320696e7665737469676163696f6e6573207265616c697a616461732070756564656e20636f6e73756c746172736520656e3a2d204f726369643a20687474703a2f2f6f726369642e6f72672f303030302d303030332d303137362d363632352d2050657266696c20656e20476f6f676c652041636164c3a96d69636f3a2068747470733a2f2f7363686f6c61722e676f6f676c652e636f6d2e61722f6369746174696f6e733f757365723d6b555131626f4d414141414a26686c3d656e266f693d616f200d0a3c4252202f3e3c4c4142454c3e3c423ec3817265612064652061637475616369c3b36e3a3c2f423e3c2f4c4142454c3e3c4252202f3e0d0a4369656e63696173206e61747572616c657320792065786163746173203e204369656e63696173206465206c6120436f6d707574616369c3b36e206520496e666f726d616369c3b36e203e204369656e63696173206465206c6120496e666f726d616369c3b36e20792042696f696e666f726dc3a17469636120286465736172726f6c6c6f20646520686172647761726520766120656e20322e322022496e67656e696572c3ad6120456cc3a96374726963612c20456c65637472c3b36e696361207920646520496e666f726d616369c3b36e222079206c6f73206173706563746f7320736f6369616c65732076616e20656e20352e382022436f6d756e6963616369c3b36e2079204d6564696f732229200d0a3c2f4449563e),
(60, 60, NULL, 0x3c444956207374796c653d27746578742d616c69676e3a206c656674273e3c554c3e3c2f554c3e3c4c4142454c3e3c423e457870657274696369613a3c2f423e3c2f4c4142454c3e3c4252202f3e54656e676f20382061c3b16f7320646520657870657269656e63696120636f6d6f206465736172726f6c6c61646f72206a65652062616a6f206469666572656e746573206672616d65776f726b732c20636f6e20696e746572c3a97320636f6e7374616e746520656e206164717569726972206e7565766f7320636f6e6f63696d69656e746f732079207472616e736d69746972206c6f732070726f70696f732e657370656369616c6964616465733a206a65652c207374727574732c206f7261636c65206164662066616365732c206a73662c2068696265726e6174652c206a70612c20737072696e672c20737072696e67626f6f742c206e6f64652e6a732c2068746d6c352c206a71756572792c20616e67756c61726a732c20706c2f73716c2c20616e64726f69642c206f7261636c65203130672f3131672c206d7973716c2c20697265706f7274206a6173706572207265706f72742c20736f612c206f63346a2c206a626f73732c20746f6d6361742c207765626c6f6769632c206d6176656e2c2073766e2c206769742e686162696c69646164657320706572736f6e616c65733a206f7269656e7461646f2061206c6f7320726573756c7461646f732c2070726f61637469766f2c2074726162616a6f20656e2065717569706f2c20726573706f6e7361626c652c206175746f617072656e64697a616a652e3c4252202f3e3c4c4142454c3e3c423ec3817265612064652061637475616369c3b36e3a3c2f423e3c2f4c4142454c3e3c4252202f3e4349454e43494153204e41545552414c455320592045584143544153202d204349454e43494153204445204c4120434f4d505554414349c3934e204520494e464f524d414349c3934e3c2f4449563e),
(61, 61, NULL, 0x3c444956207374796c653d27746578742d616c69676e3a206c656674273e3c554c3e3c4c493e494e47454e4945524f20454c45435452494349535441202d202045737461646f20436f6d706c65746f3c2f4c493e3c4c493e53494445525552554749434f202d202045737461646f20436f6d706c65746f3c2f4c493e3c2f554c3e3c4c4142454c3e3c423e457870657274696369613a3c2f423e3c2f4c4142454c3e3c4252202f3e4d616e74656e696d69656e746f2070726576656e7469766f2c20636f727265637469766f2c207072656469637469766f2c20696e7374616c616369c3b36e2079206f706572616369c3b36e20646520696e737472756d656e746f7320616e616cc3ad7469636f732e6465736172726f6c6c6f20696e746572666163657320656c65637472c3b36e6963617320792073697374656d617320646520616471756973696369c3b36e206465206461746f732c206675656e74657320636f6e6d7574616461732e20457370656374726f73636f70696120696e66726172726f6a612c2064697370657273697661207920666f75726965722e20457370656374726f73636f7069612075762d76697369626c652c2064697370657273697661207920706f722061727265676c6f2064652064696f646f732c20616ec3a16c697369732074c3a9726d69636f206469666572656e6369616c20286474612f647363292c20616ec3a16c69736973207465726d6f2067726176696dc3a9747269636f2028746761292c20657370656374726f73636f7069612072616d616e20646973706572736976612c20657370656374726f73636f70696120706f72207472616e73666f726d61646120646520666f75726965722c206cc3a1736572657320676173656f736f7320792073656d69636f6e647563746f7265732c2076697369626c6573207920636f322c2064696672616374c3b36d6574726f206465207261796f7320782c20737573636570746962696c69646164206d61676ec3a9746963612c20766f6c74c3a16d6574726f2063c3ad636c69636f2c2063726f6d61746f67726166c3ad6120676173656f7361202867632c2067632d6d73292c2063726f6d61746f67726166c3ad61206c69717569646120646520616c7461207072657369c3b36e202868706c63292c20657370656374726f6d657472c3ad61206465206d6173617320286963702d6d73292c2073697374656d617320646520616c746f20766163c3ad6f2c2073697374656d617320696e666f726dc3a17469636f732c20636cc3ba737465722064652063616c63756c6f206e756dc3a97269636f20646520616c74612072656e64696d69656e746f2e2050756573746120612070756e746f2064652074c3a9636e696361732072656c6163696f6e616461732061206c6f7320696e737472756d656e746f73206d656e63696f6e61646f732e204d6564696369c3b36e206f7a6f6e6f20616e74c3a1727469636f20657370656374726f73636f706961206272657765722079206576612c2072616469616369c3b36e2075762c2072696f6d657472c3ad612c20736f6e64656f7320696f6e6f7366657269636f732c2067656f6d61676e657469736d6f206162736f6c75746f206520696e686572656e74652c20736f6c666f746f6d65747269612e20204e6f726d612069736f2031373032352e2053697374656d617320617578696c6961726573207920646520667565727a61206d6f7472697a2e3c4252202f3e3c4c4142454c3e3c423ec3817265612064652061637475616369c3b36e3a3c2f423e3c2f4c4142454c3e3c4252202f3e4349454e43494153204e41545552414c455320592045584143544153202d204349454e43494153205155c38d4d494341533c2f4449563e),
(62, 62, 4, 0x3c444956207374796c653d27746578742d616c69676e3a206c656674273e3c554c3e3c4c493e41525155495445435441202d202045737461646f20436f6d706c65746f3c2f4c493e3c2f554c3e3c4c4142454c3e3c423e457870657274696369613a3c2f423e3c2f4c4142454c3e3c4252202f3e446f63656e636961206e6976656c207375706572696f722076696e63756c6164612061206c617320616374697669646164657320637572726963756c6172657320646520686973746f7269612c2070617472696d6f6e696f2063756c747572616c2c2067656f67726166c3ad6120757262616e6120656e206c6f7320636f6e74656e69646f7320646520706c616e69666963616369c3b36e2020757262616e612c20757262616e69736d6f20792073752065766f6c756369c3b36e2e73697374656d6173206772616669636f7320646520726570726573656e746163696f6e2e70726f796563746f7320646520657874656e63696f6e2072656c6163696f6e61646f7320616c206465736172726f6c6c6f206c6f63616c207920656c2074757269736d6f2e2044697365c3b16f2c2070726f796563746f207920656a6563756369c3b36e206465206f62726173206465206172717569746563747572612e2020496e76656e746172696f20792072656c6576616d69656e746f2064656c2070617472696d6f6e696f20617271756974656374c3b36e69636f20757262616e6f206465206c6120636975646164206465206368696c656369746f2e20506c616e69666963616369c3b36e2079206765737469c3b36e20757262616e612076696e63756c6164612061206c61732070726f626c656dc3a174696361732064656c2063726563696d69656e746f20757262616e6f2e2020416ec3a16c6973697320792076657269666963616369c3b36e2064656c2063756d706c696d69656e746f206465206c61206e6f726d617469766120757262616e6120766967656e74652e20416ec3a16c69736973206520696e666f726d65732074c3a9636e69636f732064652070726f796563746f7320617271756974656374c3b36e69636f73207920757262616e6f732070617261206f746f7267616d69656e746f20646520666163746962696c696461642064652075736f732079206672616363696f6e616d69656e746f206465207375656c6f2e3c4252202f3e3c4c4142454c3e3c423ec3817265612064652061637475616369c3b36e3a3c2f423e3c2f4c4142454c3e3c4252202f3e4349454e4349415320534f4349414c4553202d2047454f47524146c38d412045434f4ec3934d494341205920534f4349414c2c2048554d414e494441444553202d20415254452c2048554d414e494441444553202d20484953544f52494120592041525155454f4c4f47c38d41203c2f4449563e),
(63, 63, 3, 0x3c444956207374796c653d27746578742d616c69676e3a206c656674273e3c554c3e3c4c493e4152515549544543544f202d202045737461646f20436f6d706c65746f3c2f4c493e3c2f554c3e3c4c4142454c3e3c423e457870657274696369613a3c2f423e3c2f4c4142454c3e3c4252202f3e5265616c697a616369c3b36e2064652070726f796563746f7320636f6e20636f6e74656e69646f732068697374c3b37269636f732061706c696361646f7320616c206465736172726f6c6c6f206c6f63616c3c4252202f3e3c4c4142454c3e3c423ec3817265612064652061637475616369c3b36e3a3c2f423e3c2f4c4142454c3e3c4252202f3e4349454e4349415320534f4349414c4553202d20434f4d554e4943414349c3934e2059204d4544494f533c2f4449563e),
(64, 64, 4, 0x3c444956207374796c653d27746578742d616c69676e3a206c656674273e3c554c3e3c4c493e494e47454e4945524120454e2053495354454d415320444520494e464f524d414349c3934e202d202045737461646f20436f6d706c65746f3c2f4c493e3c4c493e455350454349414c4953544120454e20494e47454e494552c38d4120454e2043414c49444144202d202045737461646f20436f6d706c65746f3c2f4c493e3c2f554c3e3c4c4142454c3e3c423e457870657274696369613a3c2f423e3c2f4c4142454c3e3c4252202f3e4d656a6f726120656e206c612063616c696461642064652070726f6365736f732e6d656a6f7261206465206c612063616c696461642064652070726f647563746f732079206461746f732e65647563616369c3b36e207465636e6f6cc3b367696361206465736465206c612070657273706563746976612063747320286369656e6369612c207465636e6f6c6f67c3ad61207920736f636965646164292e494d504c454d454e54414349c3934e2044652073697374656d6173206465206765737469c3b36e2064652063616c696461642070617261206f7267616e697a6163696f6e657320746963732e63617061636974616369c3b36e20656e206d6f64656c6f73207920657374c3a16e64617265732064652063616c696461642064652070726f6365736f732c2070726f647563746f732079206461746f732e3c4252202f3e3c4c4142454c3e3c423ec3817265612064652061637475616369c3b36e3a3c2f423e3c2f4c4142454c3e3c4252202f3e4349454e43494153204e41545552414c455320592045584143544153202d204349454e43494153204445204c4120434f4d505554414349c3934e204520494e464f524d414349c3934e3c2f4449563e),
(66, 65, 3, NULL);

-- --------------------------------------------------------

--
-- Estructura de tabla para la tabla `equipo`
--

CREATE TABLE `equipo` (
  `id` int(11) DEFAULT NULL,
  `id_docente` int(11) DEFAULT NULL,
  `acargo` tinyint(1) DEFAULT NULL
) ENGINE=InnoDB DEFAULT CHARSET=utf8 ROW_FORMAT=COMPRESSED;

--
-- Volcado de datos para la tabla `equipo`
--

INSERT INTO `equipo` (`id`, `id_docente`, `acargo`) VALUES
(1, 50, 1),
(2, 26, 1),
(3, 63, 1),
(4, 50, 1),
(5, 26, 1),
(6, 34, 1),
(7, 57, 1),
(8, 15, 1),
(9, 50, 1),
(10, 22, 1),
(11, 51, 1),
(12, 10, 1),
(13, 10, 1),
(14, 15, 1),
(15, 30, 1),
(16, 31, 1),
(17, 15, 1),
(18, 5, 1),
(19, 31, 1),
(20, 45, 1),
(21, 41, 1),
(22, 45, 1),
(23, 45, 1),
(24, 28, 1),
(25, 51, 1),
(26, 61, 1),
(27, 20, 1),
(28, 27, 1),
(29, 57, 1),
(30, 38, 1),
(31, 48, 1),
(32, 19, 1),
(33, 59, 1),
(34, 40, 1),
(35, 52, 1),
(36, 27, 1),
(37, 43, 1),
(38, 28, 1),
(39, 19, 1),
(40, 17, 1),
(41, 31, 1),
(42, 34, 1),
(43, 3, 1),
(44, 44, 1),
(45, 31, 1),
(46, 32, 1),
(47, 19, 1),
(48, 17, 1),
(49, 40, 1),
(50, 66, 1),
(51, 3, 1),
(52, 22, 1),
(53, 3, 1),
(1, 46, 0),
(2, 53, 0),
(3, 62, 0),
(4, 24, 0),
(5, 13, 0),
(6, 2, 0),
(7, 25, 0),
(8, 7, 0),
(9, 24, 0),
(10, 35, 0),
(11, 4, 0),
(12, 20, 0),
(13, 23, 0),
(14, 57, 0),
(15, 36, 0),
(16, 42, 0),
(17, 57, 0),
(18, 49, 0),
(19, 47, 0),
(20, 58, 0),
(22, 58, 0),
(23, 47, 0),
(24, 64, 0),
(25, 39, 0),
(26, 57, 0),
(27, 16, 0),
(29, 25, 0),
(30, 29, 0),
(31, 3, 0),
(32, 54, 0),
(37, 12, 0),
(38, 64, 0),
(39, 6, 0),
(40, 18, 0),
(41, 42, 0),
(42, 2, 0),
(43, 53, 0),
(44, 21, 0),
(46, 55, 0),
(48, 18, 0),
(51, 32, 0),
(53, 53, 0),
(2, 16, 0),
(8, 24, 0),
(11, 39, 0),
(14, 24, 0),
(17, 24, 0),
(24, 56, 0),
(26, 25, 0),
(38, 55, 0),
(43, 56, 0),
(51, 53, 0),
(43, 56, 0);

-- --------------------------------------------------------

--
-- Estructura de tabla para la tabla `estudiantes`
--

CREATE TABLE `estudiantes` (
  `id` int(11) NOT NULL,
  `persona_id` bigint(20) NOT NULL,
  `legajo` varchar(50) NOT NULL,
  `plan_id` int(11) NOT NULL
) ENGINE=InnoDB DEFAULT CHARSET=latin1;

-- --------------------------------------------------------

--
-- Estructura de tabla para la tabla `grupos`
--

CREATE TABLE `grupos` (
  `id` int(11) NOT NULL,
  `nombre` varchar(50) NOT NULL,
  `abreviacion` varchar(20) NOT NULL
) ENGINE=InnoDB DEFAULT CHARSET=latin1;

--
-- Volcado de datos para la tabla `grupos`
--

INSERT INTO `grupos` (`id`, `nombre`, `abreviacion`) VALUES
(1, 'Administrador', 'admin'),
(2, 'Coordinador Técnico Administrativo', 'cta'),
(3, 'Coordinador Técnico Disciplinar', 'ctd'),
(4, 'Director de Carrera', 'dc'),
(5, 'Director de Escuela', 'de');

-- --------------------------------------------------------

--
-- Estructura de tabla para la tabla `grupo_permiso`
--

CREATE TABLE `grupo_permiso` (
  `grupo_id` int(11) NOT NULL,
  `permiso_id` int(11) NOT NULL
) ENGINE=InnoDB DEFAULT CHARSET=latin1;

--
-- Volcado de datos para la tabla `grupo_permiso`
--

INSERT INTO `grupo_permiso` (`grupo_id`, `permiso_id`) VALUES
(1, 1),
(1, 2),
(1, 3),
(1, 7);

-- --------------------------------------------------------

--
-- Estructura de tabla para la tabla `permisos`
--

CREATE TABLE `permisos` (
  `id` int(11) NOT NULL,
  `nombre` varchar(100) NOT NULL,
  `descripcion` varchar(150) DEFAULT NULL
) ENGINE=InnoDB DEFAULT CHARSET=latin1;

--
-- Volcado de datos para la tabla `permisos`
--

INSERT INTO `permisos` (`id`, `nombre`, `descripcion`) VALUES
(1, 'Registrar Carrera', NULL),
(2, 'Registrar Plan de Estudio', NULL),
(3, 'Registrar Asignatura', NULL),
(4, 'Asignar Plan de Estudio', NULL),
(5, 'Asociar Asignaturas', NULL),
(6, 'Asignar Docentes', NULL),
(7, 'Registrar Docente', NULL),
(8, 'Registrar Cvar', NULL),
(9, 'Modificar Carrera', NULL),
(10, 'Eliminar Carrera', NULL),
(11, 'Modificar Plan de Estudio', NULL),
(12, 'Eliminar Plan de Estudio', NULL),
(13, 'Modificar Asignatura', NULL),
(14, 'Eliminar Asignatura', NULL);

-- --------------------------------------------------------

--
-- Estructura de tabla para la tabla `persona`
--

CREATE TABLE `persona` (
  `id` bigint(20) NOT NULL,
  `apellido` varchar(50) NOT NULL,
  `nombre` varchar(50) NOT NULL,
  `dni` varchar(50) DEFAULT NULL,
  `email1` varchar(50) DEFAULT NULL,
  `email2` varchar(50) DEFAULT NULL
) ENGINE=InnoDB DEFAULT CHARSET=latin1;

--
-- Volcado de datos para la tabla `persona`
--

INSERT INTO `persona` (`id`, `apellido`, `nombre`, `dni`, `email1`, `email2`) VALUES
(1, 'Arevalo', 'Sergio', '30653165', 'sarevalo@undec.edu.ar', ''),
(2, 'Albrieu', 'Eliana', NULL, 'elianaalbrieu@gmail.com', NULL),
(3, 'Alvarez', 'Jonatan', NULL, 'jonatanemanuel.alvarez@gmail.com', NULL),
(4, 'Anzalaz', 'Fernando Alejandro', NULL, 'faanzalaz@yahoo.com', NULL),
(5, 'Arana', 'Germinal', NULL, 'garana@hotmail.com', NULL),
(6, 'Barrionuevo', 'Claudio Patricio', NULL, 'claudiopbarrionuevo@gmail.com', NULL),
(7, 'Barros Olivera', 'Ruy Enio', NULL, 'ruy1958@yahoo.com.ar', 'rbarros@undec.edu.ar'),
(8, 'Bustos', 'Florencia', NULL, 'mariaflorenciabustos@gmail.com', NULL),
(9, 'Cargnelutti', 'Pablo Fernando', NULL, 'pablo.fernando.cargnelutti@gmail.com', NULL),
(10, 'Carmona', 'Fernanda Beatriz', NULL, 'fbcarmona69@gmail.com', NULL),
(11, 'Carneiro', 'Verónica', NULL, 'veronica_pini@hotmail.com', NULL),
(12, 'Castañeda', 'Miguel Alejandro', NULL, 'm78castaneda@gmail.com', NULL),
(13, 'Castro', 'Silvana Elizabeth', NULL, 'ecastro@undec.edu.ar', NULL),
(14, 'Cena', 'Diego', NULL, 'diegocena2@gmail.com', NULL),
(15, 'Chade', 'Pablo', NULL, 'pablochade@hotmail.com', NULL),
(16, 'Cruz', 'Alejandro', NULL, 'alejandrocruz1987@gmail.com', NULL),
(17, 'Dantiacq Piccolella', 'Alejandro Gastón', NULL, 'alejandro.dantiacq@gmail.com', NULL),
(18, 'Dávila', 'Juan José', NULL, 'juan-jose-davila@hotmail.com', 'jjdavila@undec.edu.ar'),
(19, 'Fajardo', 'Hugo', NULL, 'hugofajardo1@gmail.com ', NULL),
(20, 'Frati', 'Fernando Emmanuel', NULL, 'emmanuelfrati@gmail.com', 'fefrati@undec.edu.ar'),
(21, 'Frati', 'Francisco', NULL, 'pacofrati@hotmail.com', NULL),
(22, 'Furlani', 'Marco', NULL, 'mfurlani@undec.edu.ar', NULL),
(23, 'Gagliardi', 'Marisa', NULL, 'marisagagliardi76@gmail.com', NULL),
(24, 'Gómez', 'Fabian', NULL, 'albertogomez@hotmail.com', NULL),
(25, 'Guidet Canovas', 'Sebastián', NULL, 'seba_guidet@hotmail.com', 'sguidet@undec.edu.ar'),
(26, 'Isaia', 'Claudia', NULL, 'cpeisaia@gmail.com ', 'cpeisaia@hotmail.com'),
(27, 'Lábaque', 'María Elena', NULL, 'malena_labaque@yahoo.com.ar', 'malenalabaque@gmail.com'),
(28, 'Lucero', 'Ricardo', NULL, 'ricardo_a_lucero@yahoo.com.ar', 'ricardo.lucero@gmail.com'),
(29, 'Manrique', 'Carolina', NULL, 'acmanrique11@gmail.com', NULL),
(30, 'Martinez del Pezzo', 'Horacio', NULL, 'martinezdelpezzo@gmail.com', 'martinezdelpezzo@yahoo.com.ar'),
(31, 'Martinez', 'Enrique N.', NULL, 'enriquenmartinez@gmail.com', NULL),
(32, 'Martinez', 'Gabriel', NULL, 'chilecito@gmail.com', NULL),
(33, 'Maza', 'Hugo', NULL, 'hcmaza@yahoo.com.ar', 'hcmaza@gmail.com'),
(34, 'Mazolla', 'Nora', NULL, 'noramazzola@hotmail.com', NULL),
(35, 'Mercado', 'Julio Oscar', NULL, 'julioosmercado@hotmail.com', NULL),
(36, 'Millon', 'Roberto', NULL, 'robertomillontello@gmail.com', 'rmillon@undec.edu.ar'),
(37, 'Moralejo', 'Raúl', NULL, 'romoralejo@gmail.com', NULL),
(38, 'Neder', 'Enrique', NULL, 'enrique.neder@eco.uncor.edu', NULL),
(39, 'Ochova', 'Juan Marcelo', NULL, 'jmochova@hotmail.com', NULL),
(40, 'Olmedo', 'Pablo', NULL, 'polmedo@undec.edu.ar', NULL),
(41, 'Quiroga', 'Gabriel', NULL, 'quirogagabriel@gmail.com', NULL),
(42, 'Quiroga Marín', 'Carlos Ariel', NULL, 'caqmchilecito@hotmail.com', NULL),
(43, 'Quiroga', 'Rosana', NULL, 'roquiroga4@hotmail.com', NULL),
(44, 'Ramos', 'Raul', NULL, 'rramos@undec.edu.ar', NULL),
(45, 'Riba', 'Alberto', NULL, 'albertoriba@gmail.com', NULL),
(46, 'Rivero', 'Eugenia', NULL, 'eugeriverop@yahoo.com.ar', NULL),
(47, 'Robador', 'Emmanuel', NULL, 'robador@gmail.com', NULL),
(48, 'Robins', 'Hector Daniel', NULL, 'daniel.robins@kunan.com.ar', NULL),
(49, 'Rodriguez', 'Lucía', NULL, 'luciarwaidatt@gmail.com', NULL),
(50, 'Rojo', 'Jorge Mario', NULL, 'jorgerojo@arnet.com.ar', 'jrojo@undec.edu.ar'),
(51, 'Roldan', 'Horacio', NULL, 'horacioroldan08@gmail.com', NULL),
(52, 'Romero', 'Clelia', NULL, 'cromero@undec.edu.ar', 'cleliardr@hotmail.com'),
(53, 'Rovero', 'Mara', NULL, 'mararovero@gmail.com', NULL),
(54, 'Ruitti', 'Alberto Javier', NULL, 'ruittijavier@gmail.com', 'jruitti@undec.edu.ar'),
(55, 'Ruitti', 'Natalia', NULL, 'nruitti@undec.edu.ar', NULL),
(56, 'Sanchez', 'Valeria', NULL, 'valeria_vas22@hotmail.com', 'valesanchezb@gmail.com'),
(57, 'Sigampa Paez', 'Elvio', NULL, 'esigampapaez@yahoo.com.ar', NULL),
(58, 'Tejada', 'Jorge', NULL, 'jorgedat@gmail.com', NULL),
(59, 'Texier Ramirez', 'José Daniel', NULL, 'dantexier@gmail.com', NULL),
(60, 'Torrielli', 'Edgar', NULL, 'e.torrielli@gmail.com', NULL),
(61, 'Turne', 'Daniel E.', NULL, 'daniel.turne@gmail.com', NULL),
(62, 'Valleto', 'Marcela', NULL, 'marcevalletto@gmail.com', 'marcelavalletto@hotmail.com'),
(63, 'Varas', 'Hector M.', NULL, 'micovaras@yahoo.com.ar', 'micovaras@hotmail.com'),
(64, 'Vicencio', 'Verena', NULL, 'verevere@gmail.com', 'verena.vicencio@gmail.com'),
(65, 'Curti', 'Hugo Javier', NULL, NULL, NULL);

-- --------------------------------------------------------

--
-- Estructura de tabla para la tabla `plan`
--

CREATE TABLE `plan` (
  `id` int(11) NOT NULL,
  `id_carrera` int(11) NOT NULL,
  `id_asignatura` int(11) NOT NULL,
  `anio` int(11) DEFAULT NULL,
  `codigo` int(11) NOT NULL,
  `regimen` varchar(20) DEFAULT NULL,
  `horas_primer_cuat` int(11) DEFAULT NULL,
  `horas_segundo_cuat` int(11) DEFAULT NULL,
  `horas_anuales` int(11) DEFAULT NULL,
  `programa` varchar(150) DEFAULT NULL
) ENGINE=InnoDB DEFAULT CHARSET=utf8 ROW_FORMAT=COMPRESSED;

--
-- Volcado de datos para la tabla `plan`
--

INSERT INTO `plan` (`id`, `id_carrera`, `id_asignatura`, `anio`, `codigo`, `regimen`, `horas_primer_cuat`, `horas_segundo_cuat`, `horas_anuales`, `programa`) VALUES
(1, 1, 1, 1, 101, 'Anual', 5, 5, 150, 'data/IS/101.pdf'),
(2, 1, 2, 1, 102, 'Anual', 5, 5, 150, 'data/IS/102.pdf'),
(3, 1, 3, 1, 111, '1C', 5, 0, 75, 'data/IS/111.pdf'),
(4, 1, 4, 1, 112, '1C', 4, 0, 60, 'data/IS/112.pdf'),
(5, 1, 5, 1, 113, '1C', 4, 0, 60, 'data/IS/113.pdf'),
(6, 1, 6, 1, 114, '1C', 3, 0, 45, 'data/IS/114.pdf'),
(7, 1, 7, 1, 121, '2C', 0, 4, 60, 'data/IS/121.pdf'),
(8, 1, 8, 1, 122, '2C', 0, 5, 75, 'data/IS/122.pdf'),
(9, 1, 9, 1, 123, '2C', 0, 4, 60, 'data/IS/123.pdf'),
(10, 1, 10, 1, 124, '2C', 0, 4, 60, 'data/IS/124.pdf'),
(11, 1, 11, 2, 201, 'Anual', 4, 4, 120, 'data/IS/201.pdf'),
(12, 1, 12, 2, 202, 'Anual', 4, 4, 120, 'data/IS/202.pdf'),
(13, 1, 13, 2, 203, 'Anual', 4, 4, 120, 'data/IS/203.pdf'),
(14, 1, 14, 2, 211, '1C', 5, 0, 75, 'data/IS/211.pdf'),
(15, 1, 15, 2, 212, '1C', 4, 0, 60, 'data/IS/212.pdf'),
(16, 1, 16, 2, 213, '1C', 4, 0, 60, 'data/IS/213.pdf'),
(17, 1, 17, 2, 221, '2C', 0, 5, 75, 'data/IS/221.pdf'),
(18, 1, 18, 2, 222, '2C', 0, 4, 60, 'data/IS/222.pdf'),
(19, 1, 19, 2, 223, '2C', 0, 4, 60, 'data/IS/223.pdf'),
(20, 1, 20, 2, 224, '2C', 0, 4, 60, 'data/IS/224.pdf'),
(21, 1, 21, 3, 301, 'Anual', 3, 3, 90, 'data/IS/301.pdf'),
(22, 1, 22, 3, 302, 'Anual', 4, 4, 120, 'data/IS/302.pdf'),
(23, 1, 23, 3, 303, 'Anual', 4, 4, 120, 'data/IS/303.pdf'),
(24, 1, 24, 3, 304, 'Anual', 4, 4, 120, 'data/IS/304.pdf'),
(25, 1, 25, 3, 311, '1C', 4, 0, 60, 'data/IS/311.pdf'),
(26, 1, 26, 3, 312, '1C', 3, 0, 45, 'data/IS/312.pdf'),
(27, 1, 27, 3, 313, '1C', 4, 0, 60, 'data/IS/313.pdf'),
(28, 1, 28, 3, 321, '2C', 0, 4, 60, 'data/IS/321.pdf'),
(29, 1, 29, 3, 322, '2C', 0, 4, 60, 'data/IS/322.pdf'),
(30, 1, 30, 3, 323, '2C', 0, 3, 45, 'data/IS/323.pdf'),
(31, 1, 31, 4, 401, 'Anual', 4, 4, 120, 'data/IS/401.pdf'),
(32, 1, 32, 4, 402, 'Anual', 4, 4, 120, 'data/IS/402.pdf'),
(33, 1, 33, 4, 411, '1C', 4, 0, 60, 'data/IS/411.pdf'),
(34, 1, 34, 4, 412, '1C', 4, 0, 60, 'data/IS/412.pdf'),
(35, 1, 35, 4, 413, '1C', 3, 0, 45, 'data/IS/413.pdf'),
(36, 1, 36, 4, 414, '1C', 4, 0, 60, 'data/IS/414.pdf'),
(37, 1, 37, 4, 415, '1C', 3, 0, 45, 'data/IS/415.pdf'),
(38, 1, 38, 4, 421, '2C', 0, 3, 45, 'data/IS/421.pdf'),
(39, 1, 39, 4, 422, '2C', 0, 4, 60, 'data/IS/422.pdf'),
(40, 1, 40, 4, 423, '2C', 0, 4, 60, 'data/IS/423.pdf'),
(41, 1, 41, 4, 424, '2C', 0, 4, 60, 'data/IS/424.pdf'),
(42, 1, 42, 4, 425, '2C', 0, 3, 45, 'data/IS/425.pdf'),
(43, 1, 43, 5, 501, 'Anual', 4, 4, 120, 'data/IS/501.pdf'),
(44, 1, 44, 5, 511, '1C', 3, 0, 45, 'data/IS/511.pdf'),
(45, 1, 45, 5, 512, '1C', 4, 0, 60, 'data/IS/512.pdf'),
(46, 1, 46, 5, 513, '1C', 4, 0, 60, 'data/IS/513.pdf'),
(47, 1, 47, 5, 514, '1C', 4, 0, 60, 'data/IS/514.pdf'),
(48, 1, 48, 5, 515, '1C', 4, 0, 60, 'data/IS/515.pdf'),
(49, 1, 49, 5, 521, '2C', 0, 4, 60, 'data/IS/521.pdf'),
(50, 1, 50, 5, 522, '2C', 0, 4, 60, 'data/IS/522.pdf'),
(51, 1, 51, 5, 523, '2C', 0, 4, 60, 'data/IS/523.pdf'),
(52, 1, 52, 5, 524, '2C', 0, 3, 45, 'data/IS/524.pdf'),
(53, 1, 53, 5, 525, '2C', 0, 4, 60, 'data/IS/525.pdf'),
(54, 1, 54, 0, 0, '', 0, 0, 0, 'data/IS/0.pdf'),
(55, 2, 1, 1, 101, 'Anual', 5, 5, 150, 'data/LS/101.pdf'),
(56, 2, 2, 1, 102, 'Anual', 5, 5, 150, 'data/LS/102.pdf'),
(57, 2, 4, 1, 111, '1C', 4, 0, 60, 'data/LS/111.pdf'),
(58, 2, 5, 1, 112, '1C', 4, 0, 60, 'data/LS/112.pdf'),
(59, 2, 6, 1, 114, '1C', 3, 0, 45, 'data/LS/114.pdf'),
(60, 2, 7, 1, 121, '2C', 0, 4, 60, 'data/LS/121.pdf'),
(61, 2, 9, 1, 123, '2C', 0, 4, 60, 'data/LS/123.pdf'),
(62, 2, 11, 2, 201, 'Anual', 4, 4, 120, 'data/LS/201.pdf'),
(63, 2, 12, 2, 202, 'Anual', 4, 4, 120, 'data/LS/202.pdf'),
(64, 2, 13, 2, 203, 'Anual', 4, 4, 120, 'data/LS/203.pdf'),
(65, 2, 15, 2, 211, '1C', 4, 0, 60, 'data/LS/211.pdf'),
(66, 2, 16, 2, 212, '1C', 4, 0, 60, 'data/LS/212.pdf'),
(67, 2, 18, 2, 221, '2C', 0, 4, 60, 'data/LS/221.pdf'),
(68, 2, 19, 2, 222, '2C', 0, 4, 60, 'data/LS/222.pdf'),
(69, 2, 20, 2, 223, '2C', 0, 4, 60, 'data/LS/223.pdf'),
(70, 2, 21, 3, 301, 'Anual', 3, 3, 90, 'data/LS/301.pdf'),
(71, 2, 22, 3, 302, 'Anual', 4, 4, 120, 'data/LS/302.pdf'),
(72, 2, 23, 3, 303, 'Anual', 4, 4, 120, 'data/LS/303.pdf'),
(73, 2, 24, 3, 304, 'Anual', 4, 4, 120, 'data/LS/304.pdf'),
(74, 2, 55, 3, 311, '1C', 5, 0, 75, 'data/LS/311.pdf'),
(75, 2, 37, 3, 312, '1C', 3, 0, 45, 'data/LS/312.pdf'),
(76, 2, 28, 3, 321, '2C', 0, 4, 60, 'data/LS/321.pdf'),
(77, 2, 30, 3, 322, '2C', 0, 3, 45, 'data/LS/322.pdf'),
(78, 2, 31, 4, 401, 'Anual', 4, 4, 120, 'data/LS/401.pdf'),
(79, 2, 32, 4, 402, 'Anual', 4, 4, 120, 'data/LS/402.pdf'),
(80, 2, 33, 4, 411, '1C', 4, 0, 60, 'data/LS/411.pdf'),
(81, 2, 34, 4, 412, '1C', 4, 0, 60, 'data/LS/412.pdf'),
(82, 2, 35, 4, 413, '1C', 3, 0, 45, 'data/LS/413.pdf'),
(83, 2, 36, 4, 414, '1C', 4, 0, 60, 'data/LS/414.pdf'),
(84, 2, 38, 4, 421, '2C', 0, 3, 45, 'data/LS/421.pdf'),
(85, 2, 41, 4, 422, '2C', 0, 4, 60, 'data/LS/422.pdf'),
(86, 2, 42, 4, 423, '2C', 0, 3, 45, 'data/LS/423.pdf'),
(87, 2, 56, 4, 424, '2C', 0, 5, 75, 'data/LS/424.pdf'),
(88, 2, 39, 4, 425, '2C', 0, 4, 60, 'data/LS/425.pdf'),
(89, 2, 43, 5, 501, 'Anual', 4, 4, 120, 'data/LS/501.pdf'),
(90, 2, 44, 5, 511, '1C', 3, 0, 45, 'data/LS/511.pdf'),
(91, 2, 46, 5, 513, '1C', 4, 0, 60, 'data/LS/513.pdf'),
(92, 2, 47, 5, 514, '1C', 4, 0, 60, 'data/LS/514.pdf'),
(93, 2, 57, 5, 515, '1C', 5, 0, 75, 'data/LS/515.pdf'),
(94, 2, 51, 5, 521, '2C', 0, 4, 60, 'data/LS/521.pdf'),
(95, 2, 53, 5, 522, '2C', 0, 4, 60, 'data/LS/522.pdf'),
(96, 2, 49, 5, 523, '2C', 0, 4, 60, 'data/LS/523.pdf'),
(97, 2, 58, 5, 524, '2C', 0, 4, 60, 'data/LS/524.pdf'),
(98, 3, 59, 1, 1, '1C', 5, 0, 75, NULL),
(99, 3, 60, 1, 2, '1C', 4, 0, 60, NULL),
(100, 3, 61, 1, 3, '1C', 4, 0, 60, NULL),
(101, 3, 62, 1, 4, '1C', 4, 0, 60, NULL),
(102, 3, 63, 1, 5, '1C', 5, 0, 75, NULL),
(103, 3, 64, 1, 6, '1C', 4, 0, 60, NULL),
(104, 3, 65, 1, 7, '2C', 0, 5, 75, NULL),
(105, 3, 66, 1, 8, '2C', 0, 4, 60, NULL),
(106, 3, 67, 1, 9, '2C', 0, 5, 75, NULL),
(107, 3, 68, 1, 10, '2C', 0, 4, 60, NULL),
(108, 3, 69, 1, 11, '2C', 0, 4, 60, NULL),
(109, 3, 70, 1, 12, '2C', 0, 5, 75, NULL),
(110, 3, 71, 2, 13, '1C', 4, 0, 60, NULL),
(111, 3, 72, 2, 14, '1C', 4, 0, 60, NULL),
(112, 3, 73, 2, 15, '1C', 5, 0, 75, NULL),
(113, 3, 74, 2, 16, '1C', 4, 0, 60, NULL),
(114, 3, 75, 2, 17, '1C', 5, 0, 75, NULL),
(115, 3, 76, 2, 18, '1C', 5, 0, 75, NULL),
(116, 3, 77, 2, 19, '2C', 0, 5, 75, NULL),
(117, 3, 78, 2, 20, '2C', 0, 3, 45, NULL),
(118, 3, 79, 2, 21, '2C', 0, 5, 75, NULL),
(119, 3, 80, 2, 22, '2C', 0, 5, 75, NULL),
(120, 3, 81, 2, 23, '2C', 0, 5, 75, NULL),
(121, 3, 82, 2, 24, '2C', 0, 5, 75, NULL),
(122, 3, 83, 3, 25, '1C', 6, 0, 90, NULL),
(123, 3, 84, 3, 26, '1C', 5, 0, 75, NULL),
(124, 3, 85, 3, 27, '1C', 4, 0, 60, NULL),
(125, 3, 86, 3, 28, '1C', 5, 0, 75, NULL),
(126, 3, 87, 3, 29, '1C', 4, 0, 60, NULL),
(127, 3, 88, 3, 30, '1C', 5, 0, 75, NULL),
(128, 4, 89, 1, 111, '1C', 6, 0, 90, NULL),
(129, 4, 90, 1, 112, '1C', 5, 0, 75, NULL),
(130, 4, 91, 1, 113, '1C', 5, 0, 75, NULL),
(131, 4, 92, 1, 114, '1C', 4, 0, 60, NULL),
(132, 4, 93, 1, 121, '2C', 0, 6, 90, NULL),
(133, 4, 94, 1, 122, '2C', 0, 5, 75, NULL),
(134, 4, 95, 1, 123, '2C', 0, 4, 60, NULL),
(135, 4, 96, 1, 124, '2C', 0, 5, 75, NULL),
(136, 4, 97, 1, 125, '2C', 0, 3, 45, NULL),
(137, 4, 98, 2, 211, '1C', 4, 0, 60, NULL),
(138, 4, 99, 2, 212, '1C', 5, 0, 75, NULL),
(139, 4, 100, 2, 213, '1C', 8, 0, 120, NULL),
(140, 4, 101, 2, 214, '1C', 6, 0, 90, NULL),
(141, 4, 102, 2, 215, '1C', 3, 0, 45, NULL),
(142, 4, 103, 2, 221, '2C', 0, 7, 105, NULL),
(143, 4, 104, 2, 222, '2C', 0, 5, 75, NULL),
(144, 4, 105, 2, 223, '2C', 0, 6, 90, NULL),
(145, 4, 106, 2, 224, '2C', 0, 4, 60, NULL),
(146, 4, 107, 2, 225, '2C', 0, 3, 45, NULL),
(147, 4, 108, 3, 311, '1C', 6, 0, 90, NULL),
(148, 4, 109, 3, 312, '1C', 6, 0, 90, NULL),
(149, 4, 110, 3, 313, '1C', 6, 0, 90, NULL),
(150, 4, 111, 3, 314, '1C', 6, 0, 90, NULL),
(151, 4, 112, 3, 321, '2C', 0, 5, 75, NULL),
(152, 4, 113, 3, 322, '2C', 0, 6, 90, NULL),
(153, 4, 114, 3, 323, '2C', 0, 6, 90, NULL),
(154, 4, 115, 3, 324, '2C', 0, 7, 105, NULL),
(155, 4, 116, 4, 411, '1C', 6, 0, 90, NULL),
(156, 4, 117, 4, 412, '1C', 6, 0, 90, NULL),
(157, 4, 118, 4, 413, '1C', 6, 0, 90, NULL),
(158, 4, 119, 4, 414, '1C', 7, 0, 105, NULL),
(159, 4, 120, 4, 421, '2C', 0, 6, 90, NULL),
(160, 4, 121, 4, 422, '2C', 0, 5, 75, NULL),
(161, 4, 122, 4, 423, '2C', 0, 5, 75, NULL),
(162, 4, 123, 4, 424, '2C', 0, 6, 90, NULL),
(163, 4, 124, 4, 425, '2C', 0, 4, 90, NULL),
(164, 4, 125, 5, 511, '1C', 4, 0, 60, NULL),
(165, 4, 126, 5, 512, '1C', 5, 0, 75, NULL),
(166, 4, 127, 5, 513, '1C', 4, 0, 60, NULL),
(167, 4, 128, 5, 514, '1C', 5, 0, 75, NULL),
(168, 4, 129, 5, 515, '1C', 4, 0, 60, NULL),
(169, 4, 130, 5, 521, '2C', 0, 3, 45, NULL),
(170, 4, 131, 5, 522, '2C', 0, 4, 60, NULL),
(171, 4, 132, 5, 523, '2C', 0, 12, 180, NULL),
(172, 4, 133, 5, 524, '2C', 0, 4, 60, NULL);

-- --------------------------------------------------------

--
-- Estructura de tabla para la tabla `tipo_correlatividad`
--

CREATE TABLE `tipo_correlatividad` (
  `id` int(11) NOT NULL,
  `descripcion` varchar(50) DEFAULT NULL
) ENGINE=InnoDB DEFAULT CHARSET=utf8 ROW_FORMAT=COMPRESSED;

--
-- Volcado de datos para la tabla `tipo_correlatividad`
--

INSERT INTO `tipo_correlatividad` (`id`, `descripcion`) VALUES
(1, 'Regularizada para cursar'),
(2, 'Aprobada para cursar'),
(3, 'Aprobada para rendir');

-- --------------------------------------------------------

--
-- Estructura de tabla para la tabla `users`
--

CREATE TABLE `users` (
  `id` int(11) NOT NULL,
  `username` varchar(255) NOT NULL DEFAULT '',
  `password` varchar(255) NOT NULL DEFAULT '',
  `persona_id` bigint(20) NOT NULL,
  `avatar` varchar(255) DEFAULT 'default.jpg',
  `created_at` datetime NOT NULL,
  `updated_at` datetime DEFAULT NULL,
  `is_admin` tinyint(1) UNSIGNED NOT NULL DEFAULT '0',
  `is_confirmed` tinyint(1) UNSIGNED NOT NULL DEFAULT '0',
  `is_deleted` tinyint(1) UNSIGNED NOT NULL DEFAULT '0'
) ENGINE=InnoDB DEFAULT CHARSET=latin1;

--
-- Volcado de datos para la tabla `users`
--

INSERT INTO `users` (`id`, `username`, `password`, `persona_id`, `avatar`, `created_at`, `updated_at`, `is_admin`, `is_confirmed`, `is_deleted`) VALUES
(1, 'sarevalo', '$2y$10$2Qpoxz9l/fByxZYXExkQW.6VIeymIKI3xwKQJB5.vWa2W1Ql5zi3S', 1, NULL, '2018-10-18 16:55:35', '2018-10-18 13:01:35', 1, 0, 0);

-- --------------------------------------------------------

--
-- Estructura de tabla para la tabla `user_grupo`
--

CREATE TABLE `user_grupo` (
  `user_id` int(11) NOT NULL,
  `grupo_id` int(11) NOT NULL
) ENGINE=InnoDB DEFAULT CHARSET=latin1;

--
-- Volcado de datos para la tabla `user_grupo`
--

INSERT INTO `user_grupo` (`user_id`, `grupo_id`) VALUES
(1, 1),
(1, 4);

-- --------------------------------------------------------

--
-- Estructura de tabla para la tabla `user_permiso`
--

CREATE TABLE `user_permiso` (
  `user_id` int(11) NOT NULL,
  `permiso_id` int(11) NOT NULL
) ENGINE=InnoDB DEFAULT CHARSET=latin1;

--
-- Índices para tablas volcadas
--

--
-- Indices de la tabla `asignatura`
--
ALTER TABLE `asignatura`
  ADD PRIMARY KEY (`id`);

--
-- Indices de la tabla `carrera`
--
ALTER TABLE `carrera`
  ADD PRIMARY KEY (`id`);

--
-- Indices de la tabla `categoria`
--
ALTER TABLE `categoria`
  ADD PRIMARY KEY (`id`);

--
-- Indices de la tabla `correlatividad`
--
ALTER TABLE `correlatividad`
  ADD KEY `correlativa_tipoCorrelativa_idx` (`tipo`),
  ADD KEY `correlatividad_correlativa_de_idx` (`correlativade`),
  ADD KEY `correlativa_plan` (`id`);

--
-- Indices de la tabla `docente`
--
ALTER TABLE `docente`
  ADD PRIMARY KEY (`id`),
  ADD KEY `docente_categoria_idx` (`categoria`),
  ADD KEY `persona_id` (`persona_id`);

--
-- Indices de la tabla `equipo`
--
ALTER TABLE `equipo`
  ADD KEY `idMateria` (`id`),
  ADD KEY `idDocente` (`id_docente`);

--
-- Indices de la tabla `grupos`
--
ALTER TABLE `grupos`
  ADD PRIMARY KEY (`id`);

--
-- Indices de la tabla `grupo_permiso`
--
ALTER TABLE `grupo_permiso`
  ADD PRIMARY KEY (`grupo_id`,`permiso_id`),
  ADD KEY `permiso_id_grupo` (`permiso_id`),
  ADD KEY `grupo_id` (`grupo_id`);

--
-- Indices de la tabla `permisos`
--
ALTER TABLE `permisos`
  ADD PRIMARY KEY (`id`);

--
-- Indices de la tabla `persona`
--
ALTER TABLE `persona`
  ADD PRIMARY KEY (`id`);

--
-- Indices de la tabla `plan`
--
ALTER TABLE `plan`
  ADD PRIMARY KEY (`id`),
  ADD KEY `plan_carrera_idx` (`id_carrera`),
  ADD KEY `Plan_materia_idx` (`id_asignatura`);

--
-- Indices de la tabla `tipo_correlatividad`
--
ALTER TABLE `tipo_correlatividad`
  ADD PRIMARY KEY (`id`);

--
-- Indices de la tabla `users`
--
ALTER TABLE `users`
  ADD PRIMARY KEY (`id`),
  ADD KEY `persona_id` (`persona_id`),
  ADD KEY `persona_id_2` (`persona_id`);

--
-- Indices de la tabla `user_grupo`
--
ALTER TABLE `user_grupo`
  ADD PRIMARY KEY (`user_id`,`grupo_id`),
  ADD KEY `grupo_id_user` (`grupo_id`),
  ADD KEY `user_id` (`user_id`);

--
-- Indices de la tabla `user_permiso`
--
ALTER TABLE `user_permiso`
  ADD KEY `user_id_permiso` (`user_id`),
  ADD KEY `permiso_id_user` (`permiso_id`);

--
-- AUTO_INCREMENT de las tablas volcadas
--

--
-- AUTO_INCREMENT de la tabla `asignatura`
--
ALTER TABLE `asignatura`
  MODIFY `id` int(11) NOT NULL AUTO_INCREMENT, AUTO_INCREMENT=134;
--
-- AUTO_INCREMENT de la tabla `carrera`
--
ALTER TABLE `carrera`
  MODIFY `id` int(11) NOT NULL AUTO_INCREMENT, AUTO_INCREMENT=7;
--
-- AUTO_INCREMENT de la tabla `categoria`
--
ALTER TABLE `categoria`
  MODIFY `id` int(11) NOT NULL AUTO_INCREMENT, AUTO_INCREMENT=6;
--
-- AUTO_INCREMENT de la tabla `docente`
--
ALTER TABLE `docente`
  MODIFY `id` int(10) NOT NULL AUTO_INCREMENT, AUTO_INCREMENT=67;
--
-- AUTO_INCREMENT de la tabla `grupos`
--
ALTER TABLE `grupos`
  MODIFY `id` int(11) NOT NULL AUTO_INCREMENT, AUTO_INCREMENT=6;
--
-- AUTO_INCREMENT de la tabla `permisos`
--
ALTER TABLE `permisos`
  MODIFY `id` int(11) NOT NULL AUTO_INCREMENT, AUTO_INCREMENT=15;
--
-- AUTO_INCREMENT de la tabla `persona`
--
ALTER TABLE `persona`
  MODIFY `id` bigint(20) NOT NULL AUTO_INCREMENT, AUTO_INCREMENT=66;
--
-- AUTO_INCREMENT de la tabla `plan`
--
ALTER TABLE `plan`
  MODIFY `id` int(11) NOT NULL AUTO_INCREMENT, AUTO_INCREMENT=173;
--
-- AUTO_INCREMENT de la tabla `tipo_correlatividad`
--
ALTER TABLE `tipo_correlatividad`
  MODIFY `id` int(11) NOT NULL AUTO_INCREMENT, AUTO_INCREMENT=4;
--
-- AUTO_INCREMENT de la tabla `users`
--
ALTER TABLE `users`
  MODIFY `id` int(11) NOT NULL AUTO_INCREMENT, AUTO_INCREMENT=2;
--
-- Restricciones para tablas volcadas
--

--
-- Filtros para la tabla `correlatividad`
--
ALTER TABLE `correlatividad`
  ADD CONSTRAINT `correlativa_plan` FOREIGN KEY (`id`) REFERENCES `plan` (`id`) ON DELETE NO ACTION ON UPDATE NO ACTION,
  ADD CONSTRAINT `correlativa_tipoCorrelativa` FOREIGN KEY (`tipo`) REFERENCES `tipo_correlatividad` (`id`) ON DELETE NO ACTION ON UPDATE NO ACTION,
  ADD CONSTRAINT `correlatividad_correlativa_de` FOREIGN KEY (`correlativade`) REFERENCES `plan` (`id`) ON DELETE NO ACTION ON UPDATE NO ACTION;

--
-- Filtros para la tabla `docente`
--
ALTER TABLE `docente`
  ADD CONSTRAINT `docente_categoria` FOREIGN KEY (`categoria`) REFERENCES `categoria` (`id`) ON DELETE CASCADE ON UPDATE CASCADE,
  ADD CONSTRAINT `persona_id_docente` FOREIGN KEY (`persona_id`) REFERENCES `persona` (`id`) ON DELETE CASCADE ON UPDATE CASCADE;

--
-- Filtros para la tabla `equipo`
--
ALTER TABLE `equipo`
  ADD CONSTRAINT `equipo_docente` FOREIGN KEY (`id_docente`) REFERENCES `docente` (`id`) ON DELETE NO ACTION ON UPDATE NO ACTION,
  ADD CONSTRAINT `equipo_materia` FOREIGN KEY (`id`) REFERENCES `asignatura` (`id`) ON DELETE NO ACTION ON UPDATE NO ACTION;

--
-- Filtros para la tabla `grupo_permiso`
--
ALTER TABLE `grupo_permiso`
  ADD CONSTRAINT `grupo_id_permiso` FOREIGN KEY (`grupo_id`) REFERENCES `grupos` (`id`) ON DELETE CASCADE ON UPDATE CASCADE,
  ADD CONSTRAINT `permiso_id_grupo` FOREIGN KEY (`permiso_id`) REFERENCES `permisos` (`id`) ON DELETE CASCADE ON UPDATE CASCADE;

--
-- Filtros para la tabla `plan`
--
ALTER TABLE `plan`
  ADD CONSTRAINT `Plan_materia` FOREIGN KEY (`id_asignatura`) REFERENCES `asignatura` (`id`) ON DELETE NO ACTION ON UPDATE NO ACTION,
  ADD CONSTRAINT `plan_carrera` FOREIGN KEY (`id_carrera`) REFERENCES `carrera` (`id`) ON DELETE NO ACTION ON UPDATE NO ACTION;

--
-- Filtros para la tabla `users`
--
ALTER TABLE `users`
  ADD CONSTRAINT `persona_id_user` FOREIGN KEY (`persona_id`) REFERENCES `persona` (`id`);

--
-- Filtros para la tabla `user_grupo`
--
ALTER TABLE `user_grupo`
  ADD CONSTRAINT `grupo_id_user` FOREIGN KEY (`grupo_id`) REFERENCES `grupos` (`id`) ON DELETE CASCADE ON UPDATE CASCADE,
  ADD CONSTRAINT `user_id_grupo` FOREIGN KEY (`user_id`) REFERENCES `users` (`id`) ON DELETE CASCADE ON UPDATE CASCADE;

--
-- Filtros para la tabla `user_permiso`
--
ALTER TABLE `user_permiso`
  ADD CONSTRAINT `permiso_id_user` FOREIGN KEY (`permiso_id`) REFERENCES `permisos` (`id`),
  ADD CONSTRAINT `user_id_permiso` FOREIGN KEY (`user_id`) REFERENCES `users` (`id`);

/*!40101 SET CHARACTER_SET_CLIENT=@OLD_CHARACTER_SET_CLIENT */;
/*!40101 SET CHARACTER_SET_RESULTS=@OLD_CHARACTER_SET_RESULTS */;
/*!40101 SET COLLATION_CONNECTION=@OLD_COLLATION_CONNECTION */;
